Method,Time_ms,Outer,Inner,Loss,GradNorm,RelGrad,RelErr,Rank,Converged,LossGap,Family,n,p
Cholesky,1.570584,1,,235.34987082786077,1.3588890812964467e-12,8.520778851644558e-16,0.0,,true,0.0,GaussianIdentity,1000,501
CRLS,5.091708,2,82,235.34987082786148,1.1960650719251827e-5,7.499807092664049e-9,7.757375026725518e-8,,true,7.105427357601002e-13,GaussianIdentity,1000,501
CGLS,5.530834,2,85,235.349870827861,1.2362257062338575e-5,7.751630356384375e-9,3.8990624639163426e-8,,true,2.2737367544323206e-13,GaussianIdentity,1000,501
GLM.jl,5.815625,,,235.34987082786074,1.0525624768778453e-12,6.599988340813531e-16,3.580251748156425e-15,,true,-2.842170943040401e-14,GaussianIdentity,1000,501
LSMR,6.105542,5,84,235.34987082786182,1.2737592345059076e-5,7.986980612950546e-9,1.0640371676891907e-7,,true,1.0516032489249483e-12,GaussianIdentity,1000,501
LSQR,6.73275,4,85,235.34987082786154,2.0292390220097203e-5,1.2724141492973173e-8,8.613384932053261e-8,,true,7.673861546209082e-13,GaussianIdentity,1000,501
Spectral-MM,10.662,27,97,235.3498708278612,1.2762552281655405e-5,8.002631492983042e-9,7.442420644314994e-8,5,true,4.263256414560601e-13,GaussianIdentity,1000,501
Cholesky,11.8475,1,,485.21078610769547,3.4143014073739865e-12,1.0867468137507722e-15,0.0,,true,0.0,GaussianIdentity,2000,1001
LSMR,16.528333,5,88,485.21078610769746,2.77085169066252e-5,8.819415414526699e-9,9.977588570437148e-8,,true,1.9895196601282805e-12,GaussianIdentity,2000,1001
CGLS,18.061875,2,88,485.21078610769564,2.3068055780107997e-5,7.342391056722396e-9,3.22829503068477e-8,,true,1.7053025658242404e-13,GaussianIdentity,2000,1001
CRLS,18.39975,2,85,485.2107861076968,2.3195861330419383e-5,7.383070615439911e-9,8.188598035876662e-8,,true,1.3073986337985843e-12,GaussianIdentity,2000,1001
LSQR,18.970084,4,86,485.210786107697,4.260344454990824e-5,1.3560360406209765e-8,9.805834070497343e-8,,true,1.5347723092418164e-12,GaussianIdentity,2000,1001
Spectral-MM,28.578,25,96,485.2107861076957,1.9775258264103865e-5,6.294318030388087e-9,3.5446101198103465e-8,5,true,2.2737367544323206e-13,GaussianIdentity,2000,1001
GLM.jl,31.393334,,,485.2107861076955,3.138330043243776e-12,9.989071754554441e-16,3.720748492242756e-15,,true,5.684341886080802e-14,GaussianIdentity,2000,1001
Cholesky,42.374959,1,,966.7185076079711,8.461019737111732e-12,1.2896983873992275e-15,0.0,,true,0.0,GaussianIdentity,4000,2001
CGLS,66.633541,2,88,966.718507607972,5.428261615233563e-5,8.274203901027258e-9,3.944276325878374e-8,,true,9.094947017729282e-13,GaussianIdentity,4000,2001
LSQR,71.478417,5,89,966.7185076079737,5.745143319467036e-5,8.757221120752757e-9,8.960476939142735e-8,,true,2.6147972675971687e-12,GaussianIdentity,4000,2001
LSMR,72.040708,5,88,966.7185076079755,5.8018350853491536e-5,8.843635384409754e-9,1.0524655007615787e-7,,true,4.433786671143025e-12,GaussianIdentity,4000,2001
CRLS,92.114667,2,85,966.718507607975,5.7043354320665096e-5,8.695018374264904e-9,1.0364293745486447e-7,,true,3.865352482534945e-12,GaussianIdentity,4000,2001
Spectral-MM,104.729375,26,96,966.7185076079746,0.00010483851875068047,1.598035139630011e-8,8.865506923447331e-8,5,true,3.524291969370097e-12,GaussianIdentity,4000,2001
GLM.jl,188.939333,,,966.7185076079712,7.825807423834473e-12,1.1928740894370685e-15,4.572848014251915e-15,,true,1.1368683772161603e-13,GaussianIdentity,4000,2001
CGLS,382.717209,2,89,2459.6265589283116,0.0001411817667228824,8.626249903537594e-9,4.038764898236073e-8,,true,3.183231456205249e-12,GaussianIdentity,10000,5001
CRLS,383.59075,2,87,2459.6265589283175,0.00012685956702804255,7.751159042983614e-9,9.572062017154385e-8,,true,9.094947017729282e-12,GaussianIdentity,10000,5001
LSQR,407.043875,4,88,2459.626558928319,0.00021731993517408208,1.3278315701431025e-8,9.538501474571955e-8,,true,1.0459189070388675e-11,GaussianIdentity,10000,5001
LSMR,415.963792,5,88,2459.626558928321,0.00015241184362920426,9.312411098984495e-9,1.0758060716501941e-7,,true,1.2732925824820995e-11,GaussianIdentity,10000,5001
Cholesky,543.183584,1,,2459.6265589283084,3.157596362592752e-11,1.9293012086816223e-15,0.0,,true,0.0,GaussianIdentity,10000,5001
Spectral-MM,598.104334,26,99,2459.6265589283157,0.0001517847539006179,9.274095721324253e-9,8.548030730067475e-8,5,true,7.275957614183426e-12,GaussianIdentity,10000,5001
GLM.jl,2901.356542,,,2459.6265589283084,3.176881918584286e-11,1.941084743437791e-15,5.915344504633332e-15,,true,0.0,GaussianIdentity,10000,5001
GLM.jl,13.985666,,,7488.724463746082,210.89986300202224,0.5012734632169196,0.8660318008600155,,true,7488.724463740732,BernoulliLogit,1000,501
Cholesky,18.081208,14,,3.652882323647039e-7,2.2477400685873849e-7,5.342499670478358e-10,0.19919290000691467,,true,3.5993872625140204e-7,BernoulliLogit,1000,501
Spectral-MM,78.464542,82,665,1.9105186482771856e-5,3.858477480288561e-6,9.170951283501756e-9,0.3852827592776436,5,true,1.9099836976658555e-5,BernoulliLogit,1000,501
CRLS,116.592708,14,2290,6.908701086565217e-7,2.631217155821327e-6,6.253960137288864e-9,0.22543771901801313,,true,6.855206025432198e-7,BernoulliLogit,1000,501
CGLS,133.890625,14,2316,6.811214552133547e-7,3.553958046704714e-6,8.44715986459521e-9,0.22333575055914562,,true,6.757719491000529e-7,BernoulliLogit,1000,501
LSQR,141.457208,14,2316,6.903639356349073e-7,3.909972332510653e-6,9.293345876574412e-9,0.22316267569304224,,true,6.850144295216055e-7,BernoulliLogit,1000,501
LSMR,158.292292,14,2290,6.900597215458346e-7,2.6183209087128236e-6,6.22330792937103e-9,0.22555472817281974,,true,6.847102154325327e-7,BernoulliLogit,1000,501
Cholesky,72.793209,11,,2.765711675607223e-7,4.826786395871972e-7,5.30344462219443e-10,0.16036345807911032,,true,2.710660460559629e-7,BernoulliLogit,2000,1001
Spectral-MM,91.775833,54,309,2.4280017167354375e-5,5.725393587620216e-6,6.290791707331295e-9,0.4320501141203111,5,true,2.4274512045849615e-5,BernoulliLogit,2000,1001
GLM.jl,257.0945,,,2.607110188023289e-7,7.173369607007359e-8,7.881759279389755e-11,0.14791239450319313,,true,2.5520589729756946e-7,BernoulliLogit,2000,1001
CRLS,309.539917,11,1754,2.937115166511725e-7,5.079641725977144e-7,5.581270100816468e-10,0.22495072643675929,,true,2.882063951464131e-7,BernoulliLogit,2000,1001
LSMR,343.853083,11,1754,2.9395690226226994e-7,5.089902164844317e-7,5.592543785804475e-10,0.22505772449544353,,true,2.8845178075751053e-7,BernoulliLogit,2000,1001
LSQR,354.47475,11,1789,2.8758543784693174e-7,4.991358592667738e-7,5.484268769044118e-10,0.2138715907632152,,true,2.8208031634217233e-7,BernoulliLogit,2000,1001
CGLS,356.776834,11,1789,2.8773016122037293e-7,5.024951606071534e-7,5.521179183483016e-10,0.21370134936429383,,true,2.822250397156135e-7,BernoulliLogit,2000,1001
Cholesky,594.707458,14,,9.461347799700428e-6,9.13425879218086e-6,5.352790112126231e-9,0.31337522141016577,,true,9.448156761380181e-6,BernoulliLogit,4000,2001
Spectral-MM,596.184125,64,484,2.8155559077691163e-5,1.6564747952754154e-5,9.70714987047085e-9,0.3966798963128984,5,true,2.8142368039370917e-5,BernoulliLogit,4000,2001
GLM.jl,1808.909,,,2.8107578603855597e-7,8.499921824457357e-8,4.981060700267098e-11,0.12058264026191326,,true,2.6788474771830903e-7,BernoulliLogit,4000,2001
LSMR,2010.957625,17,2950,7.812462750339016e-6,1.4885678518173776e-5,8.723194141661314e-9,0.3103184691105463,,true,7.79927171201877e-6,BernoulliLogit,4000,2001
CRLS,2033.269583,17,2950,7.874222193551896e-6,1.5441689237995064e-5,9.049023390756303e-9,0.3105243667604912,,true,7.861031155231649e-6,BernoulliLogit,4000,2001
LSQR,2315.879584,19,3388,6.269538692710266e-7,1.68954896255935e-5,9.900968635224706e-9,0.25034319483417994,,true,6.137628309507796e-7,BernoulliLogit,4000,2001
CGLS,2318.523833,18,3188,1.7155804649954789e-7,5.115175615072912e-6,2.9975570078647005e-9,0.24895013922583997,,true,1.5836700817930095e-7,BernoulliLogit,4000,2001
Spectral-MM,3416.9093955,107,485,6.895858320552112e-5,3.0450855239443102e-5,7.135448418970055e-9,0.3854003211804976,5,true,6.892304905461354e-5,BernoulliLogit,10000,5001
Cholesky,8060.245292,15,,5.977934573207796e-6,3.369708252108924e-5,7.896126145171844e-9,0.24006450817781314,,true,5.942400422300206e-6,BernoulliLogit,10000,5001
CGLS,11512.144083,17,2994,1.1415033217589888e-6,4.917564105116464e-6,1.1523165685535895e-9,0.22320445633646468,,true,1.1059691708513997e-6,BernoulliLogit,10000,5001
LSQR,11532.875709,17,2994,4.416157444807635e-6,3.337415323614176e-5,7.820455191512293e-9,0.2447351863374879,,true,4.380623293900046e-6,BernoulliLogit,10000,5001
CRLS,13744.08875,20,3557,1.7541157884819697e-6,1.7384559989588563e-5,4.073666572475171e-9,0.24929769768241375,,true,1.7185816375743806e-6,BernoulliLogit,10000,5001
LSMR,14169.285875,21,3676,6.2779839422793e-7,9.958829696800832e-6,2.3336196982337733e-9,0.2298857119226056,,true,5.922642433203409e-7,BernoulliLogit,10000,5001
GLM.jl,26152.93775,,,2.807100531720174e-7,1.0077796867671042e-7,2.361496882786397e-11,0.11787460174387246,,true,2.451759022644282e-7,BernoulliLogit,10000,5001
Cholesky,13.091291,10,,8.618469567754305e-8,3.7580710339856333e-6,4.969986660406719e-9,0.1225567085355628,,true,8.578074230678939e-8,BernoulliProbit,1000,501
Spectral-MM,25.242,49,225,3.5359337063667284e-6,7.429164114115164e-6,9.824946418313448e-9,0.4107307711198087,5,true,3.5355297529959746e-6,BernoulliProbit,1000,501
GLM.jl,41.639667,,,1.6731573309315472e-7,3.600502917520907e-7,4.761605437738724e-10,0.12821797878608143,,true,1.6691177972240107e-7,BernoulliProbit,1000,501
LSMR,85.876166,10,1521,1.1776219730639734e-7,5.545917796328205e-6,7.334384373844909e-9,0.16987026411110567,,true,1.1735824393564368e-7,BernoulliProbit,1000,501
CRLS,91.7425,10,1518,1.1766481548125373e-7,5.5451989788243276e-6,7.333433749608902e-9,0.16981399953573895,,true,1.1726086211050006e-7,BernoulliProbit,1000,501
CGLS,100.016583,10,1561,1.2139857827488132e-7,6.140733461571478e-6,8.121018233323818e-9,0.16298730692481067,,true,1.2099462490412767e-7,BernoulliProbit,1000,501
LSQR,112.276042,10,1559,1.2082418511022218e-7,6.087578583754985e-6,8.05072178834062e-9,0.16310671022130466,,true,1.2042023173946853e-7,BernoulliProbit,1000,501
Spectral-MM,56.494916,41,140,1.058817175397935e-5,1.3835519675109313e-5,8.708315130755783e-9,0.4690812764960426,5,true,1.058760902306193e-5,BernoulliProbit,2000,1001
Cholesky,65.119167,10,,5.676471755765281e-8,1.1969198333880234e-6,7.533620232672802e-10,0.16669236893820719,,true,5.6201986640233094e-8,BernoulliProbit,2000,1001
GLM.jl,261.567917,,,2.4471429848878206e-7,5.620905168771059e-7,3.537894830059259e-10,0.13022202807773928,,true,2.4415156757136236e-7,BernoulliProbit,2000,1001
LSQR,263.900375,10,1583,5.769919094499734e-8,1.2022971411844868e-6,7.56746593702384e-10,0.1767925189544251,,true,5.713646002757762e-8,BernoulliProbit,2000,1001
CRLS,277.22175,10,1544,5.784124464815919e-8,1.2476125284482977e-6,7.852688813960976e-10,0.18867704977728844,,true,5.727851373073948e-8,BernoulliProbit,2000,1001
CGLS,288.392625,10,1583,5.776118202416534e-8,1.2093810431964498e-6,7.612053240229046e-10,0.17671388494956913,,true,5.719845110674563e-8,BernoulliProbit,2000,1001
LSMR,322.236,10,1545,5.786959907807855e-8,1.2477904147178042e-6,7.853808460876071e-10,0.18878401680336665,,true,5.730686816065883e-8,BernoulliProbit,2000,1001
Spectral-MM,288.963333,43,202,8.309707515160514e-6,2.0825340922581633e-5,6.567848265733127e-9,0.44288618839005744,5,true,8.308503238315601e-6,BernoulliProbit,4000,2001
Cholesky,406.704125,10,,2.6532338306952826e-7,1.518526469539454e-5,4.789093958418704e-9,0.1523434424278693,,true,2.6411910622461487e-7,BernoulliProbit,4000,2001
LSMR,1150.919333,10,1555,3.9138914843103145e-7,2.6260671159449478e-5,8.282030252122135e-9,0.18523662909664146,,true,3.9018487158611806e-7,BernoulliProbit,4000,2001
CRLS,1157.664084,10,1555,3.858636900707928e-7,2.5619539992797977e-5,8.07983177495658e-9,0.18498752993429918,,true,3.8465941322587943e-7,BernoulliProbit,4000,2001
LSQR,1312.355667,11,1782,1.5544840444022205e-8,1.9617087177899226e-6,6.186791970372649e-10,0.1536514965903829,,true,1.4340563599108808e-8,BernoulliProbit,4000,2001
CGLS,1313.139604,11,1782,1.528934065408034e-8,1.8997339883066774e-6,5.991337489666192e-10,0.1535261112931569,,true,1.4085063809166942e-8,BernoulliProbit,4000,2001
GLM.jl,1752.968542,,,1.8976281853002052e-7,4.415757571727159e-7,1.392631497231253e-10,0.11285164309001415,,true,1.8855854168510713e-7,BernoulliProbit,4000,2001
Spectral-MM,1662.528625,46,193,2.5026182019702717e-5,7.346023741868616e-5,9.459889247579187e-9,0.43229308273599765,5,true,2.5023229347207323e-5,BernoulliProbit,10000,5001
Cholesky,6495.539083,12,,2.1388888429597258e-8,5.90891958003703e-6,7.609249134523442e-10,0.174930237809627,,true,1.8436215934202566e-8,BernoulliProbit,10000,5001
LSMR,7329.936,11,1771,1.8399886450428314e-7,3.594847869536682e-5,4.629288429043744e-9,0.182718918389146,,true,1.8104619200888845e-7,BernoulliProbit,10000,5001
CRLS,7358.803041,11,1771,1.7890713298088176e-7,3.530660486075443e-5,4.546630713799174e-9,0.1824458468205524,,true,1.7595446048548706e-7,BernoulliProbit,10000,5001
LSQR,7992.054917,12,1937,1.5862306419476903e-7,5.449190111780354e-5,7.0172295595294784e-9,0.17095130146638093,,true,1.5567039169937433e-7,BernoulliProbit,10000,5001
CGLS,8061.26175,12,1987,1.7127837550508743e-7,2.9809531751637167e-5,3.8387415941151245e-9,0.17512863248592808,,true,1.6832570300969273e-7,BernoulliProbit,10000,5001
GLM.jl,25162.091,,,1.6994353430547085e-7,3.965634548959708e-7,5.106771356552938e-11,0.09427688139928779,,true,1.6699086181007615e-7,BernoulliProbit,10000,5001
Cholesky,7.3795,6,,-1214.321288801477,2.408222122201567e-7,5.875848727292456e-11,1.3923286074098621e-8,,true,1.1368683772161603e-12,PoissonLog,1000,501
GLM.jl,12.317292,,,-1214.3212888014762,8.849360909947477e-12,2.1591656999035873e-15,1.449610207280949e-8,,true,2.0463630789890885e-12,PoissonLog,1000,501
Spectral-MM,15.798458,30,164,-1214.3212888014748,3.9518732575337384e-5,9.642220805393446e-9,9.617664336745513e-8,5,true,3.410605131648481e-12,PoissonLog,1000,501
LSMR,23.760917,9,336,-1214.3212888014623,4.6431544071840494e-5,1.1328885596787664e-8,4.3494975901608514e-7,,true,1.5916157281026244e-11,PoissonLog,1000,501
CRLS,24.516,6,357,-1214.3212888014768,1.675880142708382e-6,4.0889991470660275e-10,1.9099306380280374e-8,,true,1.3642420526593924e-12,PoissonLog,1000,501
LSQR,24.932292,8,361,-1214.3212888014737,6.46129809870114e-5,1.5764995205343667e-8,1.9266683097689208e-7,,true,4.547473508864641e-12,PoissonLog,1000,501
CGLS,27.302542,6,395,-1214.3212888014748,1.5585200296159623e-6,3.802650863495499e-10,1.4382042585407864e-8,,true,3.410605131648481e-12,PoissonLog,1000,501
Cholesky,37.632458,6,,-2875.8390178765353,4.867056220072727e-7,5.799011139595263e-11,6.907702959009771e-8,,true,9.094947017729282e-13,PoissonLog,2000,1001
Spectral-MM,54.938708,31,197,-2875.839017876515,0.00015358621391083508,1.8299524909615383e-8,3.545282970966452e-7,5,true,2.1373125491663814e-11,PoissonLog,2000,1001
LSMR,60.638625,10,352,-2875.8390178764785,0.00011357930373676089,1.3532772538779267e-8,6.570115290599475e-7,,true,5.775291356258094e-11,PoissonLog,2000,1001
GLM.jl,68.923125,,,-2875.8390178765335,1.3205899978907006e-8,1.5734595538515936e-12,6.907581853623625e-8,,true,2.7284841053187847e-12,PoissonLog,2000,1001
CRLS,72.545084,6,372,-2875.8390178765308,4.754768280060178e-6,5.665222051174738e-10,7.351246208832053e-8,,true,5.4569682106375694e-12,PoissonLog,2000,1001
LSQR,74.095209,9,382,-2875.839017876529,0.00010646054438996107,1.2684584992024914e-8,2.2834814720269062e-7,,true,7.275957614183426e-12,PoissonLog,2000,1001
CGLS,88.436792,6,409,-2875.839017876528,5.001051377212358e-6,5.958663992114178e-10,6.903672662726577e-8,,true,8.185452315956354e-12,PoissonLog,2000,1001
Spectral-MM,215.780083,31,228,-6364.183518495418,0.00015911505631660143,8.893302684678791e-9,1.610077635795755e-7,5,true,7.275957614183426e-12,PoissonLog,4000,2001
Cholesky,282.889209,7,,-6364.183518495427,1.8663550372958732e-5,1.0431483134267917e-9,2.89244929982899e-10,,true,-1.8189894035458565e-12,PoissonLog,4000,2001
LSMR,297.350333,11,409,-6364.183518495248,0.0003035696870004639,1.6967200809812026e-8,8.137265125590605e-7,,true,1.77351466845721e-10,PoissonLog,4000,2001
CRLS,298.416542,7,417,-6364.183518495408,3.5665633739204016e-5,1.993433453918463e-9,5.231351105720599e-8,,true,1.7280399333685637e-11,PoissonLog,4000,2001
LSQR,332.969584,10,456,-6364.183518495429,0.00018985219319419064,1.0611271230464253e-8,2.372999831184726e-7,,true,-3.637978807091713e-12,PoissonLog,4000,2001
CGLS,345.889958,7,471,-6364.183518495412,3.442608498480565e-5,1.924152252500624e-9,1.2811305784782636e-8,,true,1.3642420526593924e-11,PoissonLog,4000,2001
GLM.jl,501.92975,,,-6364.183518495419,1.4643956480587561e-8,8.184840611437519e-13,2.785270836229182e-12,,true,6.366462912410498e-12,PoissonLog,4000,2001
Spectral-MM,1168.790625,29,200,-15891.441884422624,0.0019550809464330622,4.410079515875766e-8,3.477264535811214e-7,5,true,1.0913936421275139e-10,PoissonLog,10000,5001
LSMR,1974.104458,13,445,-15891.441884422304,0.0006635120562803218,1.4966853077244905e-8,7.475795002577009e-7,,true,4.2928149923682213e-10,PoissonLog,10000,5001
CRLS,2006.039916,7,460,-15891.441884422627,2.977939285175832e-5,6.717342862471246e-10,2.286250694315871e-8,,true,1.0550138540565968e-10,PoissonLog,10000,5001
LSQR,2146.204084,10,484,-15891.44188442269,0.0005377711499117701,1.2130513249498604e-8,2.8555136003066505e-7,,true,4.3655745685100555e-11,PoissonLog,10000,5001
CGLS,2202.106667,7,519,-15891.441884422647,3.359582430691707e-5,7.578215974392589e-10,5.918296291530184e-9,,true,8.549250196665525e-11,PoissonLog,10000,5001
Cholesky,3827.752729,7,,-15891.441884422613,8.42946095425873e-6,1.9014349841664621e-10,3.397366788535083e-11,,true,1.2005330063402653e-10,PoissonLog,10000,5001
GLM.jl,6825.952125,,,-15891.441884422708,4.741921171036877e-7,1.0696359892638004e-11,3.30639683657665e-11,,true,2.546585164964199e-11,PoissonLog,10000,5001
Spectral-MM,20.25825,61,164,1295.393213642643,2.2106492061647557e-5,1.2571448393459757e-8,1.3545755999518688e-7,5,true,0.0,GammaLog,1000,501
GLM.jl,101.143458,,,1295.393221872087,0.1861016827047237,0.00010583170290131018,0.00011340228407775838,,true,8.229443892560084e-6,GammaLog,1000,501
Cholesky,205.409542,164,,1295.3932136426445,7.984775828498808e-6,4.540756488247484e-9,1.6370676153199845e-9,,true,1.3642420526593924e-12,GammaLog,1000,501
LSMR,250.731792,146,4208,1295.3932136426436,5.5985021963688836e-5,3.183738118470034e-8,1.3621145359282253e-8,,true,4.547473508864641e-13,GammaLog,1000,501
LSQR,354.767833,155,4677,1295.3932136426438,9.819754161799742e-6,5.584266030868705e-9,9.208044226358097e-9,,true,6.821210263296962e-13,GammaLog,1000,501
CRLS,364.213709,160,6027,1295.393213642645,7.867438989536575e-6,4.474029754238675e-9,1.5570698710704268e-9,,true,1.8189894035458565e-12,GammaLog,1000,501
CGLS,485.195833,167,6591,1295.3932136426454,4.6863663192253565e-6,2.665027638518906e-9,6.514905221770109e-9,,true,2.2737367544323206e-12,GammaLog,1000,501
Spectral-MM,45.47225,59,149,2636.046150405798,0.0001162509656226505,3.4455183333356356e-8,2.7184781734253474e-7,5,true,1.7280399333685637e-11,GammaLog,2000,1001
GLM.jl,209.122208,,,2636.0463798155515,1.4028492042593597,0.000415785161550448,0.0004079906780260383,,true,0.00022940977078178548,GammaLog,2000,1001
Cholesky,277.06575,44,,2636.046150405787,3.23527954368111e-5,9.588922484655109e-9,2.4910461499534095e-8,,true,6.366462912410498e-12,GammaLog,2000,1001
LSQR,320.929834,49,1784,2636.046150405787,0.0001360764960425586,4.0331197193888726e-8,2.397867010497668e-8,,true,6.366462912410498e-12,GammaLog,2000,1001
CRLS,329.36325,46,1806,2636.046150405787,2.1633898330200708e-5,6.411989175228171e-9,6.562595070966811e-9,,true,6.366462912410498e-12,GammaLog,2000,1001
CGLS,363.826958,45,1902,2636.0461504057894,2.5304456845093775e-5,7.49989210910119e-9,1.187148337545718e-8,,true,8.640199666842818e-12,GammaLog,2000,1001
LSMR,378.166625,50,1674,2636.046150405785,8.243920210789176e-5,2.443384282676091e-8,2.3494584649418714e-8,,true,4.092726157978177e-12,GammaLog,2000,1001
Spectral-MM,201.20725,66,157,5494.768458149754,0.00010827460817273375,1.4461024944848291e-8,1.42026930591138e-7,5,true,5.4569682106375694e-12,GammaLog,4000,2001
LSMR,933.454792,40,1165,5494.768458149768,4.1538092343634185e-5,5.547777079778645e-9,7.309037316038297e-8,,true,1.9099388737231493e-11,GammaLog,4000,2001
LSQR,942.741125,36,1191,5494.768458149755,0.00019712787812710593,2.6328159584501392e-8,1.436696017618558e-7,,true,6.366462912410498e-12,GammaLog,4000,2001
CRLS,1111.48825,36,1386,5494.768458149749,7.385162088773052e-5,9.863532640738678e-9,8.815681426645187e-8,,true,0.0,GammaLog,4000,2001
CGLS,1123.272417,35,1450,5494.768458149744,0.00028327775913625713,3.7834232885469245e-8,1.348236802010096e-7,,true,-4.547473508864641e-12,GammaLog,4000,2001
GLM.jl,1238.873666,,,5494.76846513072,0.27595210409466064,3.685582731022231e-5,9.057455523020483e-5,,true,6.980971193115693e-6,GammaLog,4000,2001
Cholesky,1496.3874165,36,,5494.768458149755,7.415639186477958e-5,9.904237481660764e-9,8.825807750838348e-8,,true,6.366462912410498e-12,GammaLog,4000,2001
Spectral-MM,1023.741042,64,151,13706.99691146754,0.0005593633074483483,3.0632179384520665e-8,4.960287344035767e-7,5,true,1.3642420526593924e-10,GammaLog,10000,5001
LSMR,4761.8631455,43,1062,13706.996911467431,0.00013936538843460847,7.632008609925732e-9,1.160705656010101e-7,,true,2.7284841053187847e-11,GammaLog,10000,5001
LSQR,4925.1288955,36,1127,13706.996911467544,0.0012720657008845927,6.966160314687962e-8,2.814324330404564e-7,,true,1.4006218407303095e-10,GammaLog,10000,5001
CRLS,6613.964375,39,1507,13706.996911467455,0.000335556253511328,1.837592708403713e-8,4.36312286492155e-8,,true,5.093170329928398e-11,GammaLog,10000,5001
CGLS,6818.666292,38,1598,13706.996911467453,0.001612159494451508,8.82860176434738e-8,8.594336879517542e-8,,true,4.9112713895738125e-11,GammaLog,10000,5001
GLM.jl,18424.261792,,,13706.99693010385,0.7867652802978058,4.308529872925299e-5,8.661784257957381e-5,,true,1.8636446839082055e-5,GammaLog,10000,5001
Cholesky,21925.503667,40,,13706.996911467368,0.0004783847485560415,2.6197584356104067e-8,9.579175550427081e-8,,true,-3.637978807091713e-11,GammaLog,10000,5001
Spectral-MM,13.546959,36,149,8858.550638372853,1.8261566615222546e-5,7.158454120383525e-9,7.880936188360259e-8,5,true,-1.8189894035458565e-12,NegativeBinomialLog,1000,501
GLM.jl,17.122792,,,8858.550638477436,0.015043027245069136,5.896800785741047e-6,1.5797412202621816e-5,,true,1.0458097676746547e-7,NegativeBinomialLog,1000,501
Cholesky,24.115875,20,,8858.550638372859,6.8440808721372154e-6,2.682849722134404e-9,1.2361180256235414e-8,,true,3.637978807091713e-12,NegativeBinomialLog,1000,501
LSMR,39.694167,20,580,8858.550638372853,4.911757544155347e-5,1.9253874418952866e-8,8.066900343762727e-8,,true,-1.8189894035458565e-12,NegativeBinomialLog,1000,501
LSQR,46.8645,19,646,8858.550638372859,0.0002284519241486658,8.955215355775388e-8,7.150036745296134e-8,,true,3.637978807091713e-12,NegativeBinomialLog,1000,501
CGLS,52.341792,19,918,8858.55063837286,0.00011690322349830164,4.5825551529623525e-8,5.6255995339064774e-8,,true,5.4569682106375694e-12,NegativeBinomialLog,1000,501
CRLS,55.441875,21,884,8858.550638372864,1.4262367908976894e-5,5.590785745585234e-9,1.4587154230296398e-8,,true,9.094947017729282e-12,NegativeBinomialLog,1000,501
Spectral-MM,52.209334,68,167,18100.222483916878,0.00010869064735523257,2.1068498562149963e-8,2.4803655914305307e-7,5,true,1.8189894035458565e-11,NegativeBinomialLog,2000,1001
GLM.jl,107.262291,,,18100.222485006456,0.09322499600328683,1.8070650438141205e-5,3.0146433279150662e-5,,true,1.0895964805968106e-6,NegativeBinomialLog,2000,1001
LSQR,134.300917,23,858,18100.22248391691,0.0007857868397668461,1.5231622321354364e-7,1.278449229914488e-7,,true,5.093170329928398e-11,NegativeBinomialLog,2000,1001
LSMR,141.630833,24,771,18100.22248391687,0.0004640294589397558,8.994705824610046e-8,4.522551341586944e-8,,true,1.0913936421275139e-11,NegativeBinomialLog,2000,1001
Cholesky,173.853792,28,,18100.222483916852,0.00018389763387166653,3.564655404199746e-8,5.208820572740917e-8,,true,-7.275957614183426e-12,NegativeBinomialLog,2000,1001
CRLS,230.048166,24,1095,18100.222483916878,0.00044484499488233625,8.622835876970156e-8,7.7401610398772e-8,,true,1.8189894035458565e-11,NegativeBinomialLog,2000,1001
CGLS,256.450667,24,1209,18100.2224839169,2.556774359591249e-5,4.956028713559488e-9,2.9466858627823758e-8,,true,4.001776687800884e-11,NegativeBinomialLog,2000,1001
Spectral-MM,177.153708,37,163,36412.49115252408,6.297941515145376e-5,5.5933503426731005e-9,5.52293331805169e-8,5,true,5.820766091346741e-11,NegativeBinomialLog,4000,2001
LSMR,556.728542,22,698,36412.491152524075,0.00012910023248590652,1.1465696019527958e-8,3.242000362885493e-8,,true,5.093170329928398e-11,NegativeBinomialLog,4000,2001
LSQR,618.787042,23,786,36412.49115252404,0.00017886304126812344,1.5885248390489662e-8,2.6653143222064682e-8,,true,1.4551915228366852e-11,NegativeBinomialLog,4000,2001
GLM.jl,718.498,,,36412.49115377826,0.10372254795804471,9.2118440250499e-6,2.6707314846854436e-5,,true,1.2542368494905531e-6,NegativeBinomialLog,4000,2001
CRLS,798.33775,22,1023,36412.49115252407,0.0006711273750306828,5.960440445624744e-8,7.672617722014615e-8,,true,4.3655745685100555e-11,NegativeBinomialLog,4000,2001
CGLS,855.335208,22,1134,36412.491152524046,8.05903680947484e-5,7.1574205939336535e-9,3.053207483622655e-8,,true,2.1827872842550278e-11,NegativeBinomialLog,4000,2001
Cholesky,930.582667,23,,36412.49115252415,4.2628391846492075e-5,3.785927982481048e-9,2.9254231404359006e-8,,true,1.2369127944111824e-10,NegativeBinomialLog,4000,2001
Spectral-MM,906.078709,37,150,90789.8053080323,0.00040644383050725627,1.433190577707288e-8,1.5683390316719642e-7,5,true,8.731149137020111e-11,NegativeBinomialLog,10000,5001
LSMR,3528.644521,24,809,90789.80530803214,0.0005029161763186217,1.7733685965336792e-8,4.169535970158264e-8,,true,-7.275957614183426e-11,NegativeBinomialLog,10000,5001
LSQR,3993.492958,25,914,90789.8053080319,0.0019422207913994982,6.84860324878583e-8,5.920291966952374e-8,,true,-3.2014213502407074e-10,NegativeBinomialLog,10000,5001
CRLS,4911.6697085,23,1127,90789.8053080325,0.00022978686184917436,8.102678416157764e-9,4.832675085608827e-8,,true,2.9103830456733704e-10,NegativeBinomialLog,10000,5001
CGLS,5648.207833,25,1330,90789.8053080324,0.003435182539311631,1.211304214385936e-7,1.398700002357544e-7,,true,1.8917489796876907e-10,NegativeBinomialLog,10000,5001
GLM.jl,10521.011916,,,90789.80531102815,0.30549321734000917,1.0772214209741074e-5,2.4548785983854857e-5,,true,2.995933755300939e-6,NegativeBinomialLog,10000,5001
Cholesky,14721.695959,27,,90789.80530803234,0.0002447644570020975,8.630814080637988e-9,5.217648355236086e-8,,true,1.3096723705530167e-10,NegativeBinomialLog,10000,5001
Cholesky,25.23825,21,,186.3512047405452,4.232451472600998e-12,1.177992391347589e-14,4.640370880571754e-14,,true,-2.842170943040401e-14,SmoothQuantile,1000,501
Spectral-MM,54.072,43,538,186.351204740546,1.6482874993069237e-5,4.5875780159711374e-8,1.6066663893467577e-7,5,true,7.673861546209082e-13,SmoothQuantile,1000,501
CRLS,181.955416,18,2795,186.35120474054523,4.170275299322553e-7,1.1606872764468607e-9,2.515619598601258e-8,,true,0.0,SmoothQuantile,1000,501
LSMR,183.560416,60,2698,186.35120474131213,9.325079012412424e-5,2.595392338565034e-7,8.292927819615106e-6,,true,7.669029855605913e-10,SmoothQuantile,1000,501
LSQR,206.181917,25,2984,186.35120474165484,0.00019119716682712443,5.321474073066141e-7,8.643605909594586e-6,,true,1.1096119578724029e-9,SmoothQuantile,1000,501
CGLS,229.692875,21,3685,186.35120474054526,3.578310280978751e-6,9.959292651460483e-9,2.0711114910668887e-8,,true,2.842170943040401e-14,SmoothQuantile,1000,501
Spectral-MM,111.225458,38,533,365.3167623805905,6.424326326594633e-5,8.622909577684152e-8,1.465404995735309e-7,5,true,2.3874235921539366e-12,SmoothQuantile,2000,1001
Cholesky,140.6435,22,,365.3167623805879,1.492674599556048e-11,2.003509387061349e-14,8.221972169668509e-14,,true,-2.2737367544323206e-13,SmoothQuantile,2000,1001
CGLS,566.4255,20,3380,365.3167623805881,6.9043787996656436e-6,9.267249366386822e-9,2.7561542889792387e-8,,true,0.0,SmoothQuantile,2000,1001
LSQR,625.893333,26,3257,365.3167623822427,0.0003688416936288172,4.950695856583402e-7,6.754143300825065e-6,,true,1.6545982362003997e-9,SmoothQuantile,2000,1001
CRLS,654.669167,27,3930,365.316762380588,6.08614465978438e-7,8.168992733257434e-10,1.5773319113043754e-8,,true,-1.1368683772161603e-13,SmoothQuantile,2000,1001
LSMR,734.882542,45,3402,365.316762383751,0.0003012200344036526,4.0430591280789065e-7,1.0663364133998786e-5,,true,3.1628815122530796e-9,SmoothQuantile,2000,1001
Spectral-MM,549.591375,41,671,756.6491013619088,0.0001251200142318825,8.17615596109581e-8,5.481622166232876e-7,5,true,1.5916157281026244e-11,SmoothQuantile,4000,2001
Cholesky,940.129333,23,,756.6491013618936,4.544794113353136e-8,2.969864230752039e-11,3.976639986940823e-11,,true,6.821210263296962e-13,SmoothQuantile,4000,2001
LSQR,2864.716854,29,4030,756.6491013670536,0.0007826295010955059,5.114210464244754e-7,1.0010024360997375e-5,,true,5.160700311535038e-9,SmoothQuantile,4000,2001
CRLS,2881.2748335,25,4030,756.6491013618936,8.669699720994409e-7,5.665345987201508e-10,1.1703526824173129e-8,,true,6.821210263296962e-13,SmoothQuantile,4000,2001
LSMR,3563.1630415,77,4858,756.6491013649643,0.00035561893068009916,2.323845515690255e-7,8.623960190639725e-6,,true,3.0713636078871787e-9,SmoothQuantile,4000,2001
CGLS,4840.398562,37,6717,756.6491013618934,7.764795906365383e-7,5.074022947189246e-10,2.540059585483897e-9,,true,4.547473508864641e-13,SmoothQuantile,4000,2001
Spectral-MM,3151.105917,38,691,1894.9737211111005,0.000494440343208004,1.3010470264792035e-7,5.925167991520397e-7,5,true,8.503775461576879e-11,SmoothQuantile,10000,5001
Cholesky,12531.03025,23,,1894.973721111016,4.182168932960199e-8,1.1004762311987427e-11,5.80531490114074e-13,,true,4.547473508864641e-13,SmoothQuantile,10000,5001
LSMR,14160.345959,56,3426,1894.973721122166,0.0011246951457949534,2.959469823271555e-7,9.762793169116703e-6,,true,1.11504050437361e-8,SmoothQuantile,10000,5001
CRLS,19010.339125,28,4723,1894.9737211110148,1.7486530086546856e-6,4.6013231495088544e-10,1.1250079412811372e-8,,true,-6.821210263296962e-13,SmoothQuantile,10000,5001
CGLS,19112.1445,26,4777,1894.973721111016,1.3209772889654667e-6,3.475957408135823e-10,1.946201475446773e-9,,true,4.547473508864641e-13,SmoothQuantile,10000,5001
LSQR,23768.812,39,5921,1894.9737211266201,0.002018107856412214,5.310353942123319e-7,1.1321258651403134e-5,,true,1.5604655345669016e-8,SmoothQuantile,10000,5001
Cholesky,6.475958,5,,91.96220616644595,7.555209564032876e-13,1.2226789784394436e-15,0.0,,true,0.0,Expectile,1000,501
Spectral-MM,11.506583,28,114,91.96220616644608,5.765660687244326e-6,9.330716850884265e-9,6.854875923785361e-8,5,true,1.2789769243681803e-13,Expectile,1000,501
LSMR,15.096417,8,203,91.9622061664468,6.626045578551674e-6,1.07230998298772e-8,1.64785317013899e-7,,true,8.526512829121202e-13,Expectile,1000,501
CRLS,15.53,5,214,91.96220616644595,4.796139307063763e-7,7.761715487457345e-10,9.16147705703077e-9,,true,0.0,Expectile,1000,501
LSQR,15.67025,7,214,91.96220616644624,8.722492186396224e-6,1.4115833247934718e-8,8.660639822687054e-8,,true,2.8421709430404007e-13,Expectile,1000,501
CGLS,15.945,5,227,91.96220616644594,5.173999126292747e-7,8.373215742814386e-10,3.933004709217726e-9,,true,-1.4210854715202004e-14,Expectile,1000,501
Cholesky,32.311,5,,186.81326676701462,1.7634294452313276e-12,1.4294663681265776e-15,0.0,,true,0.0,Expectile,2000,1001
Spectral-MM,38.843167,29,120,186.81326676701485,6.846491054005328e-6,5.5498839082253495e-9,3.673968592310574e-8,5,true,2.2737367544323206e-13,Expectile,2000,1001
LSMR,48.727667,9,203,186.8132667670169,1.3206396086580356e-5,1.0705332782649906e-8,1.9761066853044331e-7,,true,2.2737367544323206e-12,Expectile,2000,1001
CRLS,48.85825,5,218,186.81326676701462,4.2859873028618407e-7,3.474295339814313e-10,4.08555919618242e-9,,true,0.0,Expectile,2000,1001
LSQR,49.23625,7,213,186.81326676701548,1.796713390278558e-5,1.456446908897432e-8,1.0915860869858316e-7,,true,8.526512829121202e-13,Expectile,2000,1001
CGLS,52.109958,5,234,186.81326676701468,4.4274124996070846e-7,3.588937047141873e-10,1.5232333834750278e-9,,true,5.684341886080802e-14,Expectile,2000,1001
Spectral-MM,125.960833,28,113,381.76158981733016,3.515479395888056e-5,1.350001730941912e-8,6.47008376975741e-8,5,true,6.821210263296962e-13,Expectile,4000,2001
LSMR,161.650208,8,211,381.76158981733363,2.9262852933556203e-5,1.1237415346199184e-8,1.8282111786837298e-7,,true,4.149569576838985e-12,Expectile,4000,2001
LSQR,167.846917,7,224,381.76158981733124,3.995356762713745e-5,1.5342825082982743e-8,1.1072840074121191e-7,,true,1.7621459846850485e-12,Expectile,4000,2001
CRLS,169.651958,5,224,381.76158981732965,2.021276938766014e-6,7.762034871371434e-10,1.0267207673040606e-8,,true,1.7053025658242404e-13,Expectile,4000,2001
CGLS,178.133625,5,240,381.7615898173293,2.2123314699949826e-6,8.495715598287623e-10,3.807005142950331e-9,,true,-1.7053025658242404e-13,Expectile,4000,2001
Cholesky,208.129042,5,,381.7615898173295,4.5525205291780626e-12,1.7482425303722867e-15,0.0,,true,0.0,Expectile,4000,2001
Spectral-MM,702.501709,31,120,964.2823650072917,7.406440194055758e-5,1.1405681008667009e-8,8.332260996145835e-8,5,true,2.7284841053187847e-12,Expectile,10000,5001
LSMR,962.887417,8,216,964.2823650073021,7.852037797294358e-5,1.2091887065504544e-8,2.0129314252124948e-7,,true,1.318767317570746e-11,Expectile,10000,5001
CRLS,1003.089667,5,230,964.2823650072892,5.712537554335417e-6,8.797125121873364e-10,1.1551342638002613e-8,,true,2.2737367544323206e-13,Expectile,10000,5001
LSQR,1031.844375,8,234,964.2823650072926,5.743173293595838e-5,8.844303180470192e-9,9.736730574843456e-8,,true,3.637978807091713e-12,Expectile,10000,5001
CGLS,1050.102042,5,247,964.2823650072893,6.301808503880657e-6,9.704583536724465e-10,4.198388887722914e-9,,true,3.410605131648481e-13,Expectile,10000,5001
Cholesky,2793.4109995,5,,964.282365007289,1.703660928417393e-11,2.6235833392745782e-15,0.0,,true,0.0,Expectile,10000,5001
Spectral-MM,11.634291,28,111,409.9572623440023,2.381761314191988e-5,3.2758085594422264e-8,2.1728911339791244e-7,5,true,2.7284841053187847e-12,PseudoHuber,1000,501
Cholesky,18.547334,15,,409.95726234399956,4.013757450627434e-8,5.520410854750539e-11,5.348984457119877e-11,,true,0.0,PseudoHuber,1000,501
LSQR,46.451334,19,770,409.95726234402684,6.0866688876676036e-5,8.371435845357348e-8,6.367172537107391e-7,,true,2.7284841053187847e-11,PseudoHuber,1000,501
CRLS,49.052167,15,750,409.9572623439995,6.291509317972794e-7,8.653167701070696e-10,7.444861027773761e-9,,true,-5.684341886080802e-14,PseudoHuber,1000,501
LSMR,50.553584,24,734,409.9572623440122,2.7079420462891225e-5,3.7244285062698604e-8,4.7589513839304913e-7,,true,1.261923898709938e-11,PseudoHuber,1000,501
CGLS,59.477667,15,802,409.95726234399956,5.695191843514993e-7,7.833009159014381e-10,2.4086375102619887e-9,,true,0.0,PseudoHuber,1000,501
Spectral-MM,41.299375,31,130,786.2359289100148,7.896602110923017e-6,5.201744036142031e-9,2.0923585489398745e-8,5,true,4.547473508864641e-13,PseudoHuber,2000,1001
Cholesky,57.099333,9,,786.2359289100143,4.276116053871124e-6,2.8168142282751216e-9,2.5175344251962604e-9,,true,0.0,PseudoHuber,2000,1001
CGLS,96.206166,9,510,786.2359289100145,5.603484974120962e-6,3.691194533586315e-9,8.760973302198766e-9,,true,2.2737367544323206e-13,PseudoHuber,2000,1001
LSMR,104.973416,18,458,786.2359289100482,6.0453649070529534e-5,3.9822749595128474e-8,5.231722850574319e-7,,true,3.387867764104158e-11,PseudoHuber,2000,1001
LSQR,106.415667,13,482,786.2359289100708,0.00012510174393730468,8.240851461120124e-8,6.304706723222984e-7,,true,5.650235834764317e-11,PseudoHuber,2000,1001
CRLS,106.813875,9,470,786.2359289100146,5.746974884122748e-6,3.7857159205213215e-9,2.2682065070433306e-8,,true,3.410605131648481e-13,PseudoHuber,2000,1001
Spectral-MM,147.103459,30,132,1644.4893972759571,2.3064404740622576e-5,7.390461248541681e-9,4.629510593104197e-8,5,true,-6.821210263296962e-13,PseudoHuber,4000,2001
LSMR,360.891334,17,449,1644.4893972760478,0.00013442621828886793,4.307380867723476e-8,6.559157915170727e-7,,true,9.00399754755199e-11,PseudoHuber,4000,2001
Cholesky,365.311167,9,,1644.4893972759578,7.827845173648591e-10,2.508254041932511e-13,0.0,,true,0.0,PseudoHuber,4000,2001
LSQR,369.036834,13,474,1644.489397276089,0.00021133435412452214,6.771726269145874e-8,7.770047591352182e-7,,true,1.311946107307449e-10,PseudoHuber,4000,2001
CRLS,371.43775,9,480,1644.4893972759578,5.782087298823714e-7,1.852737696818974e-10,1.8140823621592325e-9,,true,0.0,PseudoHuber,4000,2001
CGLS,391.382375,9,518,1644.4893972759573,5.636643914654834e-7,1.8061336891870884e-10,5.470724497533136e-10,,true,-4.547473508864641e-13,PseudoHuber,4000,2001
Spectral-MM,811.920083,30,136,4013.8238749675565,5.1225216161707306e-5,6.852266858354559e-9,3.4081337689159675e-8,5,true,1.8189894035458565e-12,PseudoHuber,10000,5001
LSMR,3150.9705835,23,737,4013.823874967785,0.00032505821787964437,4.348221091700406e-8,6.621573130842702e-7,,true,2.3010215954855084e-10,PseudoHuber,10000,5001
CRLS,3296.9406045,14,758,4013.823874967554,1.4630476069764069e-5,1.9570815665925037e-9,1.2702642305191402e-8,,true,-9.094947017729282e-13,PseudoHuber,10000,5001
LSQR,3409.907271,18,786,4013.8238749678735,0.0005169335560234683,6.914888680467645e-8,7.437200092159296e-7,,true,3.1877789297141135e-10,PseudoHuber,10000,5001
CGLS,3490.402375,14,820,4013.8238749675575,1.4926415523747479e-5,1.9966686345359274e-9,4.521689278829472e-9,,true,2.7284841053187847e-12,PseudoHuber,10000,5001
Cholesky,7657.546125,14,,4013.823874967555,1.0662304832187521e-5,1.4262693944449942e-9,2.488090647289889e-15,,true,4.547473508864641e-13,PseudoHuber,10000,5001
Spectral-MM,13.675083,46,130,376.4088774638351,8.964609832717242e-6,9.087164768487668e-9,6.320086661600555e-8,5,true,8.526512829121202e-13,StudentT,1000,501
Cholesky,27.31725,22,,376.4088774638349,7.594006861082645e-6,7.697824321124637e-9,9.016232963340593e-8,,true,6.821210263296962e-13,StudentT,1000,501
LSMR,33.22375,22,566,376.4088774638411,2.192631183999527e-5,2.2226065849302606e-8,3.038132267129908e-7,,true,6.87805368215777e-12,StudentT,1000,501
LSQR,40.416958,21,607,376.4088774638377,2.368588184155711e-5,2.400969088421771e-8,1.8565625323087794e-7,,true,3.467448550509289e-12,StudentT,1000,501
CRLS,54.675333,22,819,376.4088774638348,7.464236276079901e-6,7.566279646004567e-9,9.072347370469165e-8,,true,5.684341886080801e-13,StudentT,1000,501
CGLS,55.60875,22,881,376.40887746383453,7.577844826553954e-6,7.681441335864063e-9,9.017266572570262e-8,,true,2.8421709430404007e-13,StudentT,1000,501
Spectral-MM,28.48925,40,116,785.1796320778635,0.00012418194840630833,6.210623334689832e-8,4.4561596220362016e-7,5,true,3.410605131648481e-11,StudentT,2000,1001
LSMR,99.061125,24,599,785.1796320778396,4.848259942338631e-5,2.424725712308173e-8,2.597105658699078e-7,,true,1.0231815394945443e-11,StudentT,2000,1001
LSQR,136.333459,23,647,785.1796320778341,4.521139426644866e-5,2.2611252587723466e-8,1.6357356580401364e-7,,true,4.661160346586257e-12,StudentT,2000,1001
CRLS,148.103542,24,908,785.1796320778301,1.5430842658245488e-5,7.71731742955632e-9,9.690938814282069e-8,,true,6.821210263296962e-13,StudentT,2000,1001
Cholesky,156.832458,24,,785.179632077827,2.3991711312635876e-5,1.1998803693261197e-8,9.954684149485556e-8,,true,-2.3874235921539366e-12,StudentT,2000,1001
CGLS,199.793416,24,976,785.1796320778284,2.1692533357637412e-5,1.0848932198960135e-8,8.786301420341633e-8,,true,-1.0231815394945443e-12,StudentT,2000,1001
Spectral-MM,165.436833,45,137,1585.2260015895358,6.840458062418117e-5,1.69721574395339e-8,1.7131980979309047e-7,5,true,1.3642420526593924e-12,StudentT,4000,2001
LSMR,469.290125,23,605,1585.2260015895538,0.00010557004655135661,2.6193442524156915e-8,2.836778978741051e-7,,true,1.9326762412674725e-11,StudentT,4000,2001
LSQR,498.569791,22,654,1585.2260015895433,8.809547191654617e-5,2.1857749955258303e-8,2.113700732091388e-7,,true,8.86757334228605e-12,StudentT,4000,2001
CRLS,688.93075,23,905,1585.2260015895322,5.865259606230163e-5,1.4552550217008007e-8,1.1491413177854743e-7,,true,-2.2737367544323206e-12,StudentT,4000,2001
CGLS,731.401458,23,975,1585.2260015895354,3.5012394370700867e-5,8.687077154370008e-9,1.061503307160532e-7,,true,9.094947017729282e-13,StudentT,4000,2001
Cholesky,1047.502375,25,,1585.2260015895306,5.318796092647267e-5,1.3196695871749267e-8,1.1262088964883356e-7,,true,-3.865352482534945e-12,StudentT,4000,2001
Spectral-MM,914.084625,46,135,4208.273248649639,0.00021427605078276285,2.130386107172614e-8,1.8802792912051445e-7,5,true,3.3651303965598345e-11,StudentT,10000,5001
LSMR,2807.8298955,25,633,4208.2732486496525,0.0002484016909998652,2.469671760194992e-8,2.8480048988903735e-7,,true,4.729372449219227e-11,StudentT,10000,5001
LSQR,2984.872917,23,684,4208.273248649659,0.0005086124534371673,5.056752263163716e-8,2.0842291416973764e-7,,true,5.3660187404602766e-11,StudentT,10000,5001
CRLS,4337.8302495,25,996,4208.273248649584,0.00010311225539091259,1.0251678410236299e-8,1.1136691188296402e-7,,true,-2.091837814077735e-11,StudentT,10000,5001
CGLS,4418.6005,24,1047,4208.273248649586,0.000213902109650763,2.1266682908809534e-8,9.382634576551588e-8,,true,-1.9099388737231493e-11,StudentT,10000,5001
Cholesky,14837.409458,27,,4208.273248649582,0.0001910652829095533,1.8996188458139224e-8,9.529404201075308e-8,,true,-2.3646862246096134e-11,StudentT,10000,5001
