Method,Time_ms,Outer,Inner,Loss,GradNorm,RelGrad,RelErr,Rank,Converged,LossGap,Family,n,p,Density,NNZ
CGLS,1.039625,2,49,250.52723220524587,1.134352535523827e-6,7.795546171704719e-9,1.920041577217191e-8,,true,5.684341886080802e-14,GaussianIdentity,1000,501,0.03922,19610
LSQR,1.113292,4,49,250.52723220524592,2.1814629033202725e-6,1.499154297463728e-8,5.2304512539767935e-8,,true,1.1368683772161603e-13,GaussianIdentity,1000,501,0.03922,19610
CRLS,1.193916,2,49,250.52723220524584,7.792119619133319e-7,5.3549338820271944e-9,2.58752276014396e-8,,true,2.842170943040401e-14,GaussianIdentity,1000,501,0.03922,19610
LSMR,1.2105,5,49,250.527232205246,1.5892160028763238e-6,1.092147841104215e-8,6.22708819294667e-8,,true,1.9895196601282805e-13,GaussianIdentity,1000,501,0.03922,19610
Spectral-MM,2.6795,24,61,250.52723220524575,1.294837306139831e-6,8.89843649901798e-9,2.710284724281828e-8,5,true,-5.684341886080802e-14,GaussianIdentity,1000,501,0.03922,19610
Cholesky,3.811083,1,,250.5272322052458,4.1725665881088233e-13,2.867489115902939e-15,0.0,,true,0.0,GaussianIdentity,1000,501,0.03922,19610
GLM.jl,8.944584,,,250.5272322052458,3.8070811623362653e-14,2.6163186532407795e-16,1.5197948984360177e-15,,true,0.0,GaussianIdentity,1000,501,0.03922,19610
CGLS,2.154417,2,50,483.6954984384977,1.4206057278619292e-6,6.763497183648141e-9,2.132261330683413e-8,,true,1.1368683772161603e-13,GaussianIdentity,2000,1001,0.019792,39584
LSQR,2.306833,4,49,483.6954984384979,3.412264551419279e-6,1.6245775467990895e-8,5.824332376724168e-8,,true,3.410605131648481e-13,GaussianIdentity,2000,1001,0.019792,39584
CRLS,2.330458,2,50,483.6954984384978,1.4310926091557312e-6,6.8134251761268365e-9,3.79316597169759e-8,,true,2.2737367544323206e-13,GaussianIdentity,2000,1001,0.019792,39584
LSMR,2.553167,5,51,483.695498438498,1.8054791681901546e-6,8.595877821475558e-9,5.101622420065294e-8,,true,4.547473508864641e-13,GaussianIdentity,2000,1001,0.019792,39584
Spectral-MM,5.691709,26,65,483.69549843849785,2.4736976390189025e-6,1.1777262815828587e-8,3.882956428503216e-8,5,true,2.8421709430404007e-13,GaussianIdentity,2000,1001,0.019792,39584
Cholesky,14.614208,1,,483.69549843849757,2.571310594311205e-12,1.224199763651715e-14,0.0,,true,0.0,GaussianIdentity,2000,1001,0.019792,39584
GLM.jl,25.84225,,,483.69549843849757,7.685284480560902e-14,3.6589603237796027e-16,2.605687169714503e-15,,true,0.0,GaussianIdentity,2000,1001,0.019792,39584
CGLS,4.194583,2,50,1011.9494965740422,2.05419141992421e-6,7.186114169459438e-9,2.0747755787700976e-8,,true,2.2737367544323206e-13,GaussianIdentity,4000,2001,0.009955375,79643
CRLS,4.515541,2,50,1011.9494965740421,1.7494325866504345e-6,6.1199857897890525e-9,2.9503268785217928e-8,,true,1.1368683772161603e-13,GaussianIdentity,4000,2001,0.009955375,79643
LSQR,4.630333,4,49,1011.949496574043,4.206422073995298e-6,1.4715195952760735e-8,5.5109777696465734e-8,,true,1.0231815394945443e-12,GaussianIdentity,4000,2001,0.009955375,79643
LSMR,5.0825,5,50,1011.9494965740431,3.086350241670696e-6,1.0796883381200494e-8,7.306826382980879e-8,,true,1.1368683772161603e-12,GaussianIdentity,4000,2001,0.009955375,79643
Spectral-MM,11.109875,24,66,1011.9494965740421,2.1898958715251587e-6,7.660844845992144e-9,3.385206738505001e-8,5,true,1.1368683772161603e-13,GaussianIdentity,4000,2001,0.009955375,79643
GLM.jl,69.1495,,,1011.949496574042,1.3246875391815542e-13,4.634113356276281e-16,1.4288236200473144e-15,,true,0.0,GaussianIdentity,4000,2001,0.009955375,79643
Cholesky,74.693834,1,,1011.949496574042,2.747752926145622e-13,9.612378887979781e-16,0.0,,true,0.0,GaussianIdentity,4000,2001,0.009955375,79643
CGLS,12.903458,2,50,2542.862563091705,3.949360807678031e-6,8.74182759124771e-9,2.2243710599012056e-8,,true,0.0,GaussianIdentity,10000,5001,0.00399212,199606
CRLS,13.559958,2,49,2542.862563091706,4.211909213484366e-6,9.322972999247371e-9,5.026301374386649e-8,,true,9.094947017729282e-13,GaussianIdentity,10000,5001,0.00399212,199606
LSMR,14.71475,5,50,2542.862563091708,4.917140581861602e-6,1.0883987891152912e-8,7.10496222562051e-8,,true,3.183231456205249e-12,GaussianIdentity,10000,5001,0.00399212,199606
LSQR,15.331792,5,51,2542.8625630917063,6.384065543976769e-6,1.4130995630526266e-8,5.534797558238894e-8,,true,1.3642420526593924e-12,GaussianIdentity,10000,5001,0.00399212,199606
Spectral-MM,33.2585,27,69,2542.862563091704,3.6062065548715035e-6,7.982262825879569e-9,1.3986109481907155e-8,5,true,-9.094947017729282e-13,GaussianIdentity,10000,5001,0.00399212,199606
GLM.jl,395.062291,,,2542.862563091705,5.490170396844214e-13,1.2152377408130908e-15,1.5583400338939746e-15,,true,0.0,GaussianIdentity,10000,5001,0.00399212,199606
Cholesky,780.380958,1,,2542.862563091705,5.377412751110728e-12,1.1902790716360231e-14,0.0,,true,0.0,GaussianIdentity,10000,5001,0.00399212,199606
Spectral-MM,28.305625,88,655,2.2088627654956515e-5,8.186074702714474e-7,1.1218341201696087e-8,0.3523369665487442,5,true,2.208331066260252e-5,BernoulliLogit,1000,501,0.03922,19610
Cholesky,49.056,14,,4.394619940203217e-6,7.527110504335874e-7,1.03152850379572e-8,0.22837901611370107,,true,4.389302947849221e-6,BernoulliLogit,1000,501,0.03922,19610
LSQR,62.0085,18,2992,4.953971229884838e-7,9.522051998831626e-7,1.3049188059298277e-8,0.20343700229665385,,true,4.900801306344882e-7,BernoulliLogit,1000,501,0.03922,19610
LSMR,72.772125,20,3366,2.7547823051035997e-7,3.027897228927048e-7,4.149483784518854e-9,0.16931349923647837,,true,2.7016123815636437e-7,BernoulliLogit,1000,501,0.03922,19610
CRLS,75.742292,21,3566,6.344554459101474e-7,7.720916824831973e-7,1.0580880638941584e-8,0.17949916607030575,,true,6.291384535561518e-7,BernoulliLogit,1000,501,0.03922,19610
CGLS,76.719542,22,3792,8.075943104402414e-7,9.919879234439337e-7,1.3594377521946955e-8,0.21384828995417915,,true,8.022773180862458e-7,BernoulliLogit,1000,501,0.03922,19610
GLM.jl,101.379583,,,2.1099689291787092e-7,2.87059363230425e-8,3.933912160357722e-10,0.14615172617801742,,true,2.0567990056387532e-7,BernoulliLogit,1000,501,0.03922,19610
Spectral-MM,50.573833,79,539,2.241015233741409e-5,7.416666668172327e-7,7.365615013245394e-9,0.3751774726196836,5,true,2.2406269720678123e-5,BernoulliLogit,2000,1001,0.019792,39584
CGLS,99.845875,15,2405,2.180249523833771e-6,5.047557663185292e-7,5.012813460220023e-9,0.26368925972621726,,true,2.1763669070978026e-6,BernoulliLogit,2000,1001,0.019792,39584
LSQR,100.551167,15,2405,2.15882869580777e-6,4.3106735438770195e-7,4.281001586364212e-9,0.26372120681198435,,true,2.1549460790718016e-6,BernoulliLogit,2000,1001,0.019792,39584
LSMR,100.798875,15,2360,2.1996506499576045e-6,4.217479506966133e-7,4.1884490384168295e-9,0.2693687884444974,,true,2.195768033221636e-6,BernoulliLogit,2000,1001,0.019792,39584
CRLS,102.531,15,2391,2.167779999409444e-6,3.676008292038741e-7,3.650704969774165e-9,0.2684743313555473,,true,2.1638973826734757e-6,BernoulliLogit,2000,1001,0.019792,39584
Cholesky,247.338459,15,,2.0928408531974916e-6,3.5221200661769113e-7,3.497876013386819e-9,0.26154194536094344,,true,2.088958236461523e-6,BernoulliLogit,2000,1001,0.019792,39584
GLM.jl,354.059167,,,2.319392261714744e-7,1.7376513639895365e-8,1.7256904681064314e-10,0.15761901722098776,,true,2.2805660943550577e-7,BernoulliLogit,2000,1001,0.019792,39584
Spectral-MM,153.98025,106,1132,6.530042588861053e-5,1.0618545705228797e-6,7.578108457416682e-9,0.36366842834340113,5,true,6.528831853950711e-5,BernoulliLogit,4000,2001,0.009955375,79643
GLM.jl,289.299917,,,53450.32190035088,138.81362350524668,0.9906673884463908,0.9369155215113381,,true,53450.32190033877,BernoulliLogit,4000,2001,0.009955375,79643
LSMR,444.353291,29,5168,9.257588704166824e-7,5.041126130788921e-7,3.5976866914858395e-9,0.21224883827608007,,true,9.136515213132641e-7,BernoulliLogit,4000,2001,0.009955375,79643
CGLS,501.6125,34,6197,2.566334270533751e-6,1.3066830685511393e-6,9.325369299935795e-9,0.22882438348320897,,true,2.5542269214303327e-6,BernoulliLogit,4000,2001,0.009955375,79643
LSQR,555.182208,36,6597,8.887603728389475e-7,1.085010832224703e-6,7.743367116668232e-9,0.19115208078350981,,true,8.766530237355292e-7,BernoulliLogit,4000,2001,0.009955375,79643
CRLS,575.246,37,6768,1.620059042674236e-6,9.69239158553815e-7,6.917142581096828e-9,0.22247308249096426,,true,1.6079516935708177e-6,BernoulliLogit,4000,2001,0.009955375,79643
Cholesky,1421.0450625,19,,6.615715976754168e-6,1.2825251930866176e-6,9.152962451151632e-9,0.23417456046979254,,true,6.60360862765075e-6,BernoulliLogit,4000,2001,0.009955375,79643
Spectral-MM,495.774084,123,1376,0.00026403547777554127,1.727769662419176e-6,7.923595266169119e-9,0.41132231685407233,5,true,0.00026401786724428075,BernoulliLogit,10000,5001,0.00399212,199606
GLM.jl,1341.807688,,,71117.67287121383,318.86845863713387,1.462338796856858,0.9059079071929548,,true,71117.67287119622,BernoulliLogit,10000,5001,0.00399212,199606
CRLS,1556.5676875,35,6381,3.245829503654667e-6,2.0538323324233137e-6,9.418926897876195e-9,0.2441265368662381,,true,3.2282189723941207e-6,BernoulliLogit,10000,5001,0.00399212,199606
LSMR,1690.558709,38,6981,2.00893428964395e-6,1.3869275576155428e-6,6.36048477356344e-9,0.23327165559757915,,true,1.991323758383404e-6,BernoulliLogit,10000,5001,0.00399212,199606
LSQR,1997.64625,45,8398,2.9598001475655802e-6,1.6677420994717189e-6,7.648307347903342e-9,0.23649129637290855,,true,2.942189616305034e-6,BernoulliLogit,10000,5001,0.00399212,199606
CGLS,2125.930625,48,8998,2.341425847125999e-6,1.1994851512442743e-6,5.500869168481469e-9,0.24389298204708845,,true,2.323815315865453e-6,BernoulliLogit,10000,5001,0.00399212,199606
Cholesky,17504.303416,25,,3.3112039980700594e-6,1.0697250905765493e-6,4.905786256211212e-9,0.2451800138589575,,true,3.293593466809513e-6,BernoulliLogit,10000,5001,0.00399212,199606
Spectral-MM,22.473,71,351,2.4299605811561116e-6,1.134165442422919e-6,9.949089384189628e-9,0.3060347943001483,5,true,2.4296418712087893e-6,BernoulliProbit,1000,501,0.03922,19610
Cholesky,52.918084,15,,7.912066780730928e-9,5.489575759319784e-8,4.815547879335519e-10,0.12165064498284141,,true,7.593356833408449e-9,BernoulliProbit,1000,501,0.03922,19610
CGLS,56.510208,17,2790,3.845296945340561e-8,4.615840733465896e-7,4.049092867997227e-9,0.18665178113597866,,true,3.813425950608313e-8,BernoulliProbit,1000,501,0.03922,19610
LSQR,62.330959,18,2990,5.6873809460657934e-8,6.62696627306781e-7,5.813285904383618e-9,0.18365649203966544,,true,5.655509951333545e-8,BernoulliProbit,1000,501,0.03922,19610
LSMR,63.61425,18,2979,4.471523926226129e-8,5.526714530982361e-7,4.8481266324053204e-9,0.2015786313327866,,true,4.439652931493881e-8,BernoulliProbit,1000,501,0.03922,19610
CRLS,67.089042,19,3179,2.4663489122458737e-8,4.864720580404103e-7,4.267414441772381e-9,0.23023267971738226,,true,2.4344779175136257e-8,BernoulliProbit,1000,501,0.03922,19610
GLM.jl,97.64125,,,1.6108779120451714e-7,1.1313867712675026e-7,9.924714415018068e-10,0.1331701787827275,,true,1.6076908125719465e-7,BernoulliProbit,1000,501,0.03922,19610
Spectral-MM,39.3055,66,326,6.123741265342914e-6,1.5394130368447463e-6,9.757941763504652e-9,0.3344744935107863,5,true,6.123395660020776e-6,BernoulliProbit,2000,1001,0.019792,39584
CGLS,90.873875,14,2217,4.710423956070652e-8,3.802285766948154e-7,2.4101707724997387e-9,0.199057624232071,,true,4.675863423856796e-8,BernoulliProbit,2000,1001,0.019792,39584
LSQR,92.988,14,2216,4.667249058703204e-8,3.753606494058659e-7,2.3793142383158367e-9,0.19906390167982563,,true,4.632688526489348e-8,BernoulliProbit,2000,1001,0.019792,39584
CRLS,100.003666,16,2338,7.794756815296038e-8,1.0107585291103632e-6,6.406937337779118e-9,0.18569576531696502,,true,7.760196283082183e-8,BernoulliProbit,2000,1001,0.019792,39584
LSMR,101.631083,16,2354,6.625070384970353e-8,8.686409075701045e-7,5.5060904296614375e-9,0.18560132901803764,,true,6.590509852756497e-8,BernoulliProbit,2000,1001,0.019792,39584
Cholesky,188.62725,13,,6.508035619168402e-7,1.2798605827501146e-6,8.112705773544954e-9,0.22825937022109818,,true,6.504579565947016e-7,BernoulliProbit,2000,1001,0.019792,39584
GLM.jl,348.73675,,,2.2113083240842957e-7,1.757830400414244e-7,1.1142433035722147e-9,0.1385043310228642,,true,2.20785227086291e-7,BernoulliProbit,2000,1001,0.019792,39584
Spectral-MM,100.478541,78,531,1.9001045202796035e-5,2.0068370228213884e-6,9.019010259986979e-9,0.32891052097180545,5,true,1.9000296440188563e-5,BernoulliProbit,4000,2001,0.009955375,79643
CGLS,260.950583,19,3200,6.808162211928781e-8,7.46678693606809e-7,3.3556799690120364e-9,0.1932965398394315,,true,6.733285951181555e-8,BernoulliProbit,4000,2001,0.009955375,79643
LSQR,267.639833,19,3200,3.3278991257810905e-8,3.3740386938586035e-7,1.5163408513722726e-9,0.19584138123311348,,true,3.2530228650338636e-8,BernoulliProbit,4000,2001,0.009955375,79643
GLM.jl,279.803125,,,43234.221151949365,1133.3221353815231,5.093310443568607,3.345549928059619,,true,43234.221151948615,BernoulliProbit,4000,2001,0.009955375,79643
CRLS,288.775917,20,3386,1.1061930797747723e-7,5.806321817189055e-7,2.6094433900961122e-9,0.20977596676663499,,true,1.0987054537000496e-7,BernoulliProbit,4000,2001,0.009955375,79643
LSMR,291.297833,20,3386,7.703201119728762e-8,5.863485247009815e-7,2.6351334463481474e-9,0.20561589767279567,,true,7.628324858981535e-8,BernoulliProbit,4000,2001,0.009955375,79643
Cholesky,1061.763291,15,,1.1743980571504938e-6,1.968493008211093e-6,8.846686819046491e-9,0.2205249719299179,,true,1.1736492945430216e-6,BernoulliProbit,4000,2001,0.009955375,79643
Spectral-MM,312.249917,90,612,3.188115063634816e-5,2.6526929801392217e-6,7.677253558354687e-9,0.3098086330677064,5,true,3.188014444494019e-5,BernoulliProbit,10000,5001,0.00399212,199606
CRLS,881.373459,21,3579,3.065918838288989e-7,2.252853834178067e-6,6.520064796186414e-9,0.21055718575515683,,true,3.055856924209281e-7,BernoulliProbit,10000,5001,0.00399212,199606
CGLS,953.629708,23,3992,1.6819765769357605e-7,1.5295227408190536e-6,4.426646427782686e-9,0.21960634323120176,,true,1.6719146628560527e-7,BernoulliProbit,10000,5001,0.00399212,199606
LSQR,1020.4455,24,4192,1.5994622995389833e-7,1.129971250025281e-6,3.2702901787148346e-9,0.23231002400836293,,true,1.5894003854592756e-7,BernoulliProbit,10000,5001,0.00399212,199606
LSMR,1087.386792,25,4379,2.588673330529571e-7,1.4768787016833232e-6,4.274287432675857e-9,0.21760292444261592,,true,2.578611416449863e-7,BernoulliProbit,10000,5001,0.00399212,199606
GLM.jl,5272.3225,,,1.1222632529055815e-7,8.538083709610886e-8,2.4710373206363347e-10,0.140979582670927,,true,1.1122013388258736e-7,BernoulliProbit,10000,5001,0.00399212,199606
Cholesky,13565.229542,19,,6.917637433716701e-8,1.5309201147706034e-6,4.430690617676582e-9,0.2192727249959541,,true,6.817018292919622e-8,BernoulliProbit,10000,5001,0.00399212,199606
LSMR,3.150333,8,127,492.05201235362165,2.976324646191691e-6,1.4667817373999939e-8,9.91815476061545e-8,,true,8.526512829121202e-13,PoissonLog,1000,501,0.03922,19610
LSQR,3.160625,8,131,492.0520123536211,2.1290934123262253e-6,1.049252250897636e-8,4.5406101675445505e-8,,true,2.8421709430404007e-13,PoissonLog,1000,501,0.03922,19610
CGLS,3.354334,6,144,492.0520123536206,6.94716910211509e-8,3.4236791939516255e-10,8.174377783946176e-10,,true,-1.7053025658242404e-13,PoissonLog,1000,501,0.03922,19610
CRLS,3.360334,6,139,492.0520123536209,6.054407444523951e-7,2.983711565796155e-9,7.458582541542934e-9,,true,1.1368683772161603e-13,PoissonLog,1000,501,0.03922,19610
Spectral-MM,3.579083,27,74,492.0520123536211,4.529821740634874e-6,2.232370655984132e-8,4.024612613330512e-8,5,true,2.8421709430404007e-13,PoissonLog,1000,501,0.03922,19610
Cholesky,21.228583,6,,492.0520123536213,5.133104461671769e-7,2.5296783031314723e-9,7.128753755093934e-10,,true,5.115907697472721e-13,PoissonLog,1000,501,0.03922,19610
GLM.jl,24.538458,,,492.0520123536212,1.0303617316937025e-12,5.0777920778834906e-15,1.329819335193981e-13,,true,3.979039320256561e-13,PoissonLog,1000,501,0.03922,19610
CGLS,5.893292,5,134,1040.785290040247,2.7484143335571093e-6,9.914357185124624e-9,1.3593160134719043e-8,,true,-1.1368683772161603e-12,PoissonLog,2000,1001,0.019792,39584
CRLS,6.089875,5,129,1040.7852900402493,2.737155667996585e-6,9.873743792001167e-9,2.8508181118031342e-8,,true,1.1368683772161603e-12,PoissonLog,2000,1001,0.019792,39584
LSQR,6.222709,7,130,1040.7852900402477,5.688115519159566e-6,2.0518743581944253e-8,9.826180185852606e-8,,true,-4.547473508864641e-13,PoissonLog,2000,1001,0.019792,39584
LSMR,6.285916,7,125,1040.7852900402509,1.0540072907306498e-5,3.8021213280839635e-8,2.0290229820525056e-7,,true,2.7284841053187847e-12,PoissonLog,2000,1001,0.019792,39584
Spectral-MM,7.551542,28,82,1040.7852900402468,4.38721622220985e-6,1.5826008525820304e-8,2.0908363161156453e-8,5,true,-1.3642420526593924e-12,PoissonLog,2000,1001,0.019792,39584
Cholesky,73.358459,5,,1040.7852900402463,2.3102098500218592e-6,8.33362180733001e-9,2.9408992139793273e-9,,true,-1.8189894035458565e-12,PoissonLog,2000,1001,0.019792,39584
GLM.jl,78.246875,,,1040.7852900402481,1.205439705220273e-7,4.348383595866875e-10,3.122819337215713e-10,,true,0.0,PoissonLog,2000,1001,0.019792,39584
LSQR,11.210875,6,118,2250.3967012593766,1.7034343078054267e-5,4.698566159351318e-8,1.2837422197125027e-7,,true,-1.3642420526593924e-12,PoissonLog,4000,2001,0.009955375,79643
LSMR,11.337542,7,117,2250.3967012593816,1.0013624586975241e-5,2.7620482575242577e-8,1.9934602227548629e-7,,true,3.637978807091713e-12,PoissonLog,4000,2001,0.009955375,79643
CGLS,11.923292,5,136,2250.3967012593766,9.643253462766753e-8,2.65988915325866e-10,5.608203307802139e-10,,true,-1.3642420526593924e-12,PoissonLog,4000,2001,0.009955375,79643
CRLS,12.35075,5,131,2250.396701259379,1.1022229305723773e-7,3.040250708769898e-10,1.5190543850338497e-9,,true,9.094947017729282e-13,PoissonLog,4000,2001,0.009955375,79643
Spectral-MM,14.395541,26,79,2250.3967012593803,2.8690171417346258e-5,7.913581868689784e-8,5.551169523393835e-8,5,true,2.2737367544323206e-12,PoissonLog,4000,2001,0.009955375,79643
GLM.jl,245.064875,,,2250.3967012593776,1.8335170005344546e-5,5.057371976031934e-8,2.858222547489458e-8,,true,-4.547473508864641e-13,PoissonLog,4000,2001,0.009955375,79643
Cholesky,353.311291,5,,2250.396701259386,1.186016961122981e-9,3.271378962144074e-12,9.420559285423798e-13,,true,8.185452315956354e-12,PoissonLog,4000,2001,0.009955375,79643
LSMR,35.758333,8,127,5671.899658770531,1.277653328678504e-5,2.2002471860396826e-8,1.2534996454346406e-7,,true,-1.4551915228366852e-11,PoissonLog,10000,5001,0.00399212,199606
LSQR,36.080667,8,133,5671.899658770543,7.786990031987797e-6,1.3409977903255995e-8,5.976464729819444e-8,,true,-1.8189894035458565e-12,PoissonLog,10000,5001,0.00399212,199606
CRLS,36.104625,5,133,5671.899658770504,1.1472341544701785e-6,1.975652286455858e-9,7.483259843033747e-9,,true,-4.092726157978177e-11,PoissonLog,10000,5001,0.00399212,199606
CGLS,36.408834,5,140,5671.899658770549,1.1778733868362083e-6,2.0284161178352985e-9,3.5167309550116053e-9,,true,3.637978807091713e-12,PoissonLog,10000,5001,0.00399212,199606
Spectral-MM,48.214375,28,92,5671.899658770551,5.004427279176119e-6,8.618125740052115e-9,3.9575035008314975e-8,5,true,5.4569682106375694e-12,PoissonLog,10000,5001,0.00399212,199606
GLM.jl,1175.104041,,,5671.899658770556,1.3580617564128332e-6,2.338718563905009e-9,2.904108118114139e-9,,true,1.0913936421275139e-11,PoissonLog,10000,5001,0.00399212,199606
Cholesky,3697.206917,5,,5671.899658770546,6.502400800932253e-7,1.1197786397622583e-9,3.689478089336608e-10,,true,9.094947017729282e-13,PoissonLog,10000,5001,0.00399212,199606
Spectral-MM,8.561084,89,131,1353.8324209597959,5.679480586737943e-6,5.171405508755474e-8,1.1708216761843556e-7,5,true,1.1368683772161603e-12,GammaLog,1000,501,0.03922,19610
LSMR,14.318084,37,570,1353.8324209597959,4.2562627997149725e-6,3.875505964498618e-8,1.493127376762726e-7,,true,1.1368683772161603e-12,GammaLog,1000,501,0.03922,19610
LSQR,14.778958,39,604,1353.8324209597959,1.761317583878536e-6,1.6037536033147846e-8,5.5562511344623255e-8,,true,1.1368683772161603e-12,GammaLog,1000,501,0.03922,19610
CGLS,18.216583,37,784,1353.8324209597954,4.306484530737052e-6,3.9212349589903466e-8,8.536405327721349e-8,,true,6.821210263296962e-13,GammaLog,1000,501,0.03922,19610
CRLS,18.956208,38,769,1353.8324209597956,3.1195225480319374e-6,2.840456242996863e-8,5.8983564080482345e-8,,true,9.094947017729282e-13,GammaLog,1000,501,0.03922,19610
GLM.jl,53.675292,,,1353.8326059821816,0.17657044526243876,0.0016077480314763068,0.0010052443642234246,,true,0.00018502238685869088,GammaLog,1000,501,0.03922,19610
Cholesky,130.248625,37,,1353.8324209597952,6.274876467591984e-6,5.7135384540337284e-8,5.805603880593587e-8,,true,4.547473508864641e-13,GammaLog,1000,501,0.03922,19610
Spectral-MM,14.499459,72,113,2681.751323547434,4.599721492185673e-5,2.912355532535504e-7,8.269563183595031e-7,5,true,3.8198777474462986e-11,GammaLog,2000,1001,0.019792,39584
LSMR,29.648959,36,593,2681.7513235474016,9.95120631135708e-6,6.300696858607358e-8,9.426003455852871e-8,,true,5.9117155615240335e-12,GammaLog,2000,1001,0.019792,39584
LSQR,30.012416,34,616,2681.7513235474,3.196438408630338e-5,2.0238540745561668e-7,1.035210779604014e-7,,true,4.092726157978177e-12,GammaLog,2000,1001,0.019792,39584
CGLS,37.66925,38,826,2681.7513235473984,3.0157722577980897e-6,1.9094636566119334e-8,1.1093010836646565e-7,,true,2.7284841053187847e-12,GammaLog,2000,1001,0.019792,39584
CRLS,38.234292,36,773,2681.751323547398,7.266729814801013e-6,4.600996128902612e-8,4.6337332354511836e-8,,true,2.2737367544323206e-12,GammaLog,2000,1001,0.019792,39584
GLM.jl,244.501708,,,2681.7513278726183,0.02139756369853832,0.000135480622307433,0.00012985157153498912,,true,4.325222562329145e-6,GammaLog,2000,1001,0.019792,39584
Cholesky,566.758083,39,,2681.7513235473934,6.726734347480939e-6,4.259093083367039e-8,5.5277159811475934e-8,,true,-2.2737367544323206e-12,GammaLog,2000,1001,0.019792,39584
Spectral-MM,30.562,76,121,5452.703895249716,4.558274984243755e-5,2.1882107911677373e-7,4.966721973072394e-7,5,true,4.18367562815547e-11,GammaLog,4000,2001,0.009955375,79643
LSMR,55.246083,33,552,5452.70389524968,1.6665757297489238e-5,8.000436587833172e-8,2.2690220044862442e-7,,true,5.4569682106375694e-12,GammaLog,4000,2001,0.009955375,79643
LSQR,56.621084,34,589,5452.703895249688,2.2235992837691316e-5,1.067444146041074e-7,1.2823671811360202e-7,,true,1.3642420526593924e-11,GammaLog,4000,2001,0.009955375,79643
CGLS,70.944708,35,782,5452.703895249672,1.8550046353945032e-5,8.904994048992992e-8,1.3641364674559292e-7,,true,-1.8189894035458565e-12,GammaLog,4000,2001,0.009955375,79643
CRLS,72.965834,35,743,5452.703895249687,9.758744720431141e-6,4.684708706541844e-8,3.878205753284933e-8,,true,1.2732925824820995e-11,GammaLog,4000,2001,0.009955375,79643
GLM.jl,657.657208,,,5452.703897892739,0.010759129658485894,5.164945884934945e-5,0.00010882678357500201,,true,2.643065272422973e-6,GammaLog,4000,2001,0.009955375,79643
Cholesky,2633.329,37,,5452.703895249673,1.1954258419189477e-5,5.738670300431212e-8,6.611193390162851e-8,,true,-9.094947017729282e-13,GammaLog,4000,2001,0.009955375,79643
LSMR,177.951084,40,623,13741.110789862927,2.8601432955731558e-5,8.749705636782339e-8,1.0528003301633943e-7,,true,-6.002665031701326e-11,GammaLog,10000,5001,0.00399212,199606
LSQR,183.387792,41,654,13741.11078986298,1.858973816225681e-5,5.686943623991089e-8,1.1378836983693756e-7,,true,-7.275957614183426e-12,GammaLog,10000,5001,0.00399212,199606
CGLS,239.044958,41,909,13741.110789862934,3.153035243531728e-5,9.6457161031068e-8,1.431483386060705e-7,,true,-5.275069270282984e-11,GammaLog,10000,5001,0.00399212,199606
CRLS,246.505708,41,874,13741.110789862883,2.4733054667838556e-5,7.566297401147031e-8,8.955343530172197e-8,,true,-1.0368239600211382e-10,GammaLog,10000,5001,0.00399212,199606
Spectral-MM,256.528584,294,304,13741.110789862953,1.1566972772941596e-5,3.538550219793569e-8,2.835189225739482e-7,5,true,-3.456079866737127e-11,GammaLog,10000,5001,0.00399212,199606
GLM.jl,3458.220937,,,13741.110871678738,0.11838122672714227,0.0003621499973049834,0.00020103831421590553,,true,8.181575140042696e-5,GammaLog,10000,5001,0.00399212,199606
Cholesky,28718.61475,41,,13741.11078986295,2.506807080277919e-5,7.668785013178221e-8,8.742827661274192e-8,,true,-3.637978807091713e-11,GammaLog,10000,5001,0.00399212,199606
Spectral-MM,4.079959,31,78,8702.102750717406,6.859429687220286e-6,4.063611232760317e-8,6.851848863702702e-8,5,true,0.0,NegativeBinomialLog,1000,501,0.03922,19610
LSMR,6.396542,16,259,8702.102750717422,2.045386066571766e-6,1.2117120773083808e-8,2.3864626592380024e-8,,true,1.6370904631912708e-11,NegativeBinomialLog,1000,501,0.03922,19610
LSQR,6.890958,17,280,8702.1027507174,6.340162092687725e-6,3.755990668636415e-8,1.759099436814991e-8,,true,-5.4569682106375694e-12,NegativeBinomialLog,1000,501,0.03922,19610
CRLS,9.249083,17,380,8702.102750717404,7.32810152867083e-6,4.341258245156281e-8,2.8891389328068528e-8,,true,-1.8189894035458565e-12,NegativeBinomialLog,1000,501,0.03922,19610
CGLS,9.264916,18,406,8702.1027507174,2.227026624301015e-6,1.3193181968212901e-8,8.143271421460785e-9,,true,-5.4569682106375694e-12,NegativeBinomialLog,1000,501,0.03922,19610
GLM.jl,36.362583,,,8702.10275082426,0.002800855015240079,1.6592612535219273e-5,1.994074455942032e-5,,true,1.0685471352189779e-7,NegativeBinomialLog,1000,501,0.03922,19610
Cholesky,63.274292,18,,8702.102750717406,1.730123020388284e-6,1.0249463381490095e-8,8.125522798771128e-9,,true,0.0,NegativeBinomialLog,1000,501,0.03922,19610
Spectral-MM,8.228916,31,82,17407.721003331666,6.783307854215226e-6,3.1163685966470154e-8,1.739513138962695e-7,5,true,1.4551915228366852e-11,NegativeBinomialLog,2000,1001,0.019792,39584
LSMR,12.602958,15,257,17407.721003331673,1.9182948986199986e-5,8.812977546718102e-8,1.4522411172963445e-7,,true,2.1827872842550278e-11,NegativeBinomialLog,2000,1001,0.019792,39584
LSQR,13.1,15,274,17407.721003331684,3.684488085809177e-5,1.6927173603363155e-7,1.00045434596628e-7,,true,3.2741809263825417e-11,NegativeBinomialLog,2000,1001,0.019792,39584
CGLS,17.215708,15,381,17407.721003331662,2.5845210826203108e-5,1.1873735517171073e-7,7.166424596006562e-8,,true,1.0913936421275139e-11,NegativeBinomialLog,2000,1001,0.019792,39584
CRLS,17.948292,16,372,17407.721003331655,8.791888095367267e-6,4.03914499451936e-8,2.947455673514539e-8,,true,3.637978807091713e-12,NegativeBinomialLog,2000,1001,0.019792,39584
GLM.jl,125.878875,,,17407.72100366185,0.004876884496437492,2.2405248325458466e-5,2.534852736641715e-5,,true,3.3019750844687223e-7,NegativeBinomialLog,2000,1001,0.019792,39584
Cholesky,306.173792,21,,17407.721003331633,3.470923516682316e-6,1.594602114664571e-8,2.821297707051241e-8,,true,-1.8189894035458565e-11,NegativeBinomialLog,2000,1001,0.019792,39584
Spectral-MM,15.441667,28,80,34668.15076325382,2.0147106875880645e-5,6.510652813713883e-8,1.2271266073277975e-7,5,true,1.1641532182693481e-10,NegativeBinomialLog,4000,2001,0.009955375,79643
LSMR,30.754458,18,314,34668.15076325373,3.390243219574956e-5,1.095576486126884e-7,3.870533681623804e-8,,true,2.9103830456733704e-11,NegativeBinomialLog,4000,2001,0.009955375,79643
LSQR,32.163833,19,339,34668.15076325372,2.0763578042253753e-5,6.709868996893291e-8,3.625908379878094e-8,,true,1.4551915228366852e-11,NegativeBinomialLog,4000,2001,0.009955375,79643
CGLS,39.93475,17,453,34668.15076325381,9.521594036648516e-5,3.076957569523852e-7,1.7197527321820502e-7,,true,1.0913936421275139e-10,NegativeBinomialLog,4000,2001,0.009955375,79643
CRLS,44.91725,19,471,34668.150763253674,3.781687419249901e-5,1.222073918027476e-7,6.713634977880975e-8,,true,-2.9103830456733704e-11,NegativeBinomialLog,4000,2001,0.009955375,79643
GLM.jl,346.129,,,34668.150763681966,0.005638952569405299,1.822259773503732e-5,2.0769457907158555e-5,,true,4.2826286517083645e-7,NegativeBinomialLog,4000,2001,0.009955375,79643
Cholesky,1401.1949375,20,,34668.150763253725,3.4260866106193594e-5,1.1071594829409658e-7,6.081554282499431e-8,,true,2.1827872842550278e-11,NegativeBinomialLog,4000,2001,0.009955375,79643
Spectral-MM,47.1305,33,86,86815.38509241692,5.7980459534922915e-5,1.1816869409007232e-7,6.78105190159185e-7,5,true,7.275957614183426e-11,NegativeBinomialLog,10000,5001,0.00399212,199606
LSMR,92.16075,19,331,86815.38509241659,1.0770809881504212e-5,2.1951749748088497e-8,9.434854387348002e-8,,true,-2.6193447411060333e-10,NegativeBinomialLog,10000,5001,0.00399212,199606
LSQR,97.526083,20,359,86815.38509241705,4.39261440509489e-5,8.952490408922269e-8,8.756274662528358e-8,,true,2.0372681319713593e-10,NegativeBinomialLog,10000,5001,0.00399212,199606
CRLS,125.99275,18,460,86815.38509241694,0.0002714435539761398,5.532231125765455e-7,1.3770141852990662e-7,,true,8.731149137020111e-11,NegativeBinomialLog,10000,5001,0.00399212,199606
CGLS,134.603333,20,524,86815.38509241692,3.385326640728212e-5,6.899559462136231e-8,7.564825508665069e-8,,true,7.275957614183426e-11,NegativeBinomialLog,10000,5001,0.00399212,199606
GLM.jl,1751.258792,,,86815.38509405614,0.011823736425380477,2.4097696083468758e-5,2.452368991675283e-5,,true,1.6392878023907542e-6,NegativeBinomialLog,10000,5001,0.00399212,199606
Cholesky,16884.05125,24,,86815.38509241665,5.6967232031505995e-6,1.1610365749230606e-8,1.0845485712888818e-7,,true,-2.0372681319713593e-10,NegativeBinomialLog,10000,5001,0.00399212,199606
Spectral-MM,11.938834,42,408,186.91872072115012,7.024564175515075e-7,5.032607406064507e-9,3.349303252387241e-8,5,true,0.0,SmoothQuantile,1000,501,0.03922,19610
CRLS,40.055834,19,1881,186.9187207211501,9.432580898699357e-8,6.757782447850755e-10,1.7059442490668405e-8,,true,-2.842170943040401e-14,SmoothQuantile,1000,501,0.03922,19610
LSMR,41.057417,49,1839,186.91872072118795,6.552870984199992e-6,4.6946723272909646e-8,2.0238282121767786e-6,,true,3.7829295251867734e-11,SmoothQuantile,1000,501,0.03922,19610
CGLS,41.7,17,1884,186.91872072115012,7.850619605429431e-8,5.624418167634203e-10,3.306216497337967e-9,,true,0.0,SmoothQuantile,1000,501,0.03922,19610
LSQR,43.942625,120,1874,186.91872072125295,1.3569193400279803e-5,9.721375090941144e-8,3.1216199690411076e-6,,true,1.028297447192017e-10,SmoothQuantile,1000,501,0.03922,19610
Cholesky,56.154083,16,,186.91872072115012,5.31425255018498e-7,3.807289117662176e-9,8.857803392983114e-9,,true,0.0,SmoothQuantile,1000,501,0.03922,19610
Spectral-MM,21.290791,40,364,375.2890424303688,1.974186876056617e-6,7.328805580175018e-9,2.0001963307631212e-7,5,true,6.821210263296962e-13,SmoothQuantile,2000,1001,0.019792,39584
LSMR,82.833542,37,1896,375.28904243076454,2.2023744865896426e-5,8.175910103907696e-8,4.5254902352738885e-6,,true,3.964260031352751e-10,SmoothQuantile,2000,1001,0.019792,39584
CRLS,87.48175,20,2058,375.289042430368,9.014398212044109e-8,3.3464294955861074e-10,1.4800910594880618e-8,,true,-1.1368683772161603e-13,SmoothQuantile,2000,1001,0.019792,39584
CGLS,93.182667,20,2300,375.28904243036806,6.814658437704177e-7,2.5298165736464376e-9,2.346318908543282e-8,,true,-5.684341886080802e-14,SmoothQuantile,2000,1001,0.019792,39584
LSQR,100.589667,100,2237,375.28904243060845,1.9378624628271578e-5,7.193957878773822e-8,3.605712657368335e-6,,true,2.403339749434963e-10,SmoothQuantile,2000,1001,0.019792,39584
Cholesky,246.227583,17,,375.28904243036817,1.6420266452037964e-6,6.095721831665407e-9,4.1791326912031425e-9,,true,5.684341886080802e-14,SmoothQuantile,2000,1001,0.019792,39584
Spectral-MM,43.023791,44,363,764.5767138068387,4.272648308046155e-6,8.404485772595946e-9,1.3949212938439693e-7,5,true,1.0231815394945443e-12,SmoothQuantile,4000,2001,0.009955375,79643
CRLS,184.840709,20,2192,764.5767138068379,1.4216800523201722e-6,2.7965067357421443e-9,3.846490392296687e-8,,true,2.2737367544323206e-13,SmoothQuantile,4000,2001,0.009955375,79643
CGLS,188.042208,19,2340,764.5767138068379,3.1997916653992824e-6,6.294129913870003e-9,4.345233866272256e-8,,true,2.2737367544323206e-13,SmoothQuantile,4000,2001,0.009955375,79643
LSMR,193.43325,49,2212,764.5767138071724,1.8573322629600532e-5,3.653453655344145e-8,3.117506039711745e-6,,true,3.346940502524376e-10,SmoothQuantile,4000,2001,0.009955375,79643
LSQR,215.527833,128,2354,764.5767138073059,2.5193915435270354e-5,4.955753166788091e-8,3.7656240585040962e-6,,true,4.681623977376148e-10,SmoothQuantile,4000,2001,0.009955375,79643
Cholesky,1499.024,21,,764.5767138068377,3.912137755708866e-11,7.695345775680309e-14,0.0,,true,0.0,SmoothQuantile,4000,2001,0.009955375,79643
Spectral-MM,141.049458,55,433,1913.2946785060988,1.2651846362276302e-5,9.944652147203241e-9,4.96946462567531e-8,5,true,0.0,SmoothQuantile,10000,5001,0.00399212,199606
CGLS,569.35725,19,2409,1913.2946785060972,2.488923234713553e-7,1.95635285803968e-10,2.5377654772992906e-9,,true,-1.5916157281026244e-12,SmoothQuantile,10000,5001,0.00399212,199606
LSQR,591.405291,95,2317,1913.294678507405,4.1581645549762043e-5,3.2684162363341104e-8,3.8313380448046944e-6,,true,1.3062617654213682e-9,SmoothQuantile,10000,5001,0.00399212,199606
LSMR,601.0685,53,2390,1913.294678506908,2.7611578831452696e-5,2.1703357664270134e-8,3.078749657658136e-6,,true,8.092229109024629e-10,SmoothQuantile,10000,5001,0.00399212,199606
CRLS,626.208167,22,2546,1913.2946785060967,5.934572228114446e-7,4.664714916790433e-10,1.4020750370400285e-8,,true,-2.0463630789890885e-12,SmoothQuantile,10000,5001,0.00399212,199606
Cholesky,18166.027875,26,,1913.294678506099,6.804179236508924e-6,5.348246707773801e-9,5.151534529902595e-8,,true,2.2737367544323206e-13,SmoothQuantile,10000,5001,0.00399212,199606
LSMR,2.886125,6,123,96.75541277057448,1.7394877989133025e-6,8.94083594792277e-9,1.4323811814607563e-7,,true,4.547473508864641e-13,Expectile,1000,501,0.03922,19610
LSQR,2.904708,6,128,96.75541277057425,1.8982070690082774e-6,9.756641012252481e-9,9.594260199541893e-8,,true,2.2737367544323206e-13,Expectile,1000,501,0.03922,19610
CRLS,3.016375,5,130,96.75541277057403,1.461604646697431e-7,7.512537526855437e-10,1.2633424291417572e-8,,true,0.0,Expectile,1000,501,0.03922,19610
CGLS,3.024542,5,135,96.75541277057404,1.5158312593026004e-7,7.791258221313464e-10,5.970957993100964e-9,,true,1.4210854715202004e-14,Expectile,1000,501,0.03922,19610
Spectral-MM,3.221167,24,70,96.75541277057418,1.2848463783488906e-6,6.604013373521048e-9,9.183737721438882e-8,5,true,1.5631940186722204e-13,Expectile,1000,501,0.03922,19610
Cholesky,17.530167,5,,96.75541277057403,1.2321447938253952e-13,6.333131208256925e-16,0.0,,true,0.0,Expectile,1000,501,0.03922,19610
LSMR,5.303958,5,115,188.5901334574303,3.859497341281611e-6,9.98499305661418e-9,2.744866801637342e-7,,true,3.268496584496461e-12,Expectile,2000,1001,0.019792,39584
LSQR,5.5825,6,123,188.59013345742744,2.41148435789254e-6,6.238805844518342e-9,7.59393437757515e-8,,true,3.979039320256561e-13,Expectile,2000,1001,0.019792,39584
CGLS,5.872041,5,136,188.5901334574271,4.298429593091233e-8,1.1120564634748171e-10,1.2136882028001483e-9,,true,5.684341886080802e-14,Expectile,2000,1001,0.019792,39584
CRLS,6.046583,5,130,188.59013345742716,5.1038276152243835e-8,1.320422811413273e-10,3.157774506050014e-9,,true,1.1368683772161603e-13,Expectile,2000,1001,0.019792,39584
Spectral-MM,6.564542,26,71,188.59013345742738,1.950004007458405e-6,5.044899569324849e-9,8.203126295685238e-8,5,true,3.410605131648481e-13,Expectile,2000,1001,0.019792,39584
Cholesky,72.918666,5,,188.59013345742704,3.3289319590611744e-13,8.612355329704458e-16,0.0,,true,0.0,Expectile,2000,1001,0.019792,39584
LSMR,10.460541,5,114,397.3268348703176,5.587586747587326e-6,7.566579299217288e-9,2.7283731759181023e-7,,true,6.0822458181064576e-12,Expectile,4000,2001,0.009955375,79643
LSQR,10.698208,5,120,397.32683487031295,5.497588901899917e-6,7.444706321326334e-9,1.1119404261525885e-7,,true,1.4210854715202004e-12,Expectile,4000,2001,0.009955375,79643
CGLS,11.689542,5,136,397.3268348703113,4.06323896035295e-8,5.502343174977134e-11,8.592922421312857e-10,,true,-2.2737367544323206e-13,Expectile,4000,2001,0.009955375,79643
CRLS,12.011417,5,130,397.32683487031136,4.843866719734343e-8,6.55945103054288e-11,2.1881495636608795e-9,,true,-1.7053025658242404e-13,Expectile,4000,2001,0.009955375,79643
Spectral-MM,12.990584,26,71,397.32683487031716,7.014568570339739e-6,9.498964711409765e-9,2.716456879917047e-7,5,true,5.6274984672199935e-12,Expectile,4000,2001,0.009955375,79643
Cholesky,354.498708,5,,397.32683487031153,1.3796761932591729e-13,1.868325235048105e-16,0.0,,true,0.0,Expectile,4000,2001,0.009955375,79643
LSMR,30.202375,5,113,1002.7000252440213,1.0335392809756183e-5,5.5085583277759786e-9,1.7742470385431097e-7,,true,1.0118128557223827e-11,Expectile,10000,5001,0.00399212,199606
LSQR,31.258,5,120,1002.7000252440132,6.4800182399148265e-6,3.4537205403482996e-9,8.787295644904601e-8,,true,2.0463630789890885e-12,Expectile,10000,5001,0.00399212,199606
CGLS,34.745958,5,137,1002.7000252440112,4.0631737210567826e-8,2.1655905924736553e-11,4.975162550245598e-10,,true,0.0,Expectile,10000,5001,0.00399212,199606
CRLS,35.1695,5,130,1002.7000252440116,4.557965967146387e-8,2.4293049957755816e-11,1.1722918038662013e-9,,true,4.547473508864641e-13,Expectile,10000,5001,0.00399212,199606
Spectral-MM,36.249709,26,72,1002.7000252440324,1.536666884818499e-5,8.190128155936243e-9,3.186864416259371e-7,5,true,2.1259438653942198e-11,Expectile,10000,5001,0.00399212,199606
Cholesky,2888.9896875,4,,1002.7000252440112,1.0278150466948053e-11,5.47804930020622e-15,0.0,,true,0.0,Expectile,10000,5001,0.00399212,199606
Spectral-MM,3.945875,27,76,415.92246317552014,1.892990778616145e-6,7.52816053126875e-9,6.831575381365551e-8,5,true,1.7053025658242404e-13,PseudoHuber,1000,501,0.03922,19610
LSMR,6.098583,14,254,415.9224631755242,4.942872393204963e-6,1.965711470017097e-8,2.9590405961298605e-7,,true,4.206412995699793e-12,PseudoHuber,1000,501,0.03922,19610
CGLS,6.223584,10,285,415.92246317552,1.8124911872819964e-6,7.208024874449532e-9,1.2953137829176855e-8,,true,5.684341886080802e-14,PseudoHuber,1000,501,0.03922,19610
LSQR,6.33425,16,268,415.92246317552286,4.096020033063828e-6,1.628930087590773e-8,2.5258104583816386e-7,,true,2.8990143619012088e-12,PseudoHuber,1000,501,0.03922,19610
CRLS,6.341792,10,271,415.92246317551997,1.759268394087645e-6,6.996365242709275e-9,1.914953058635388e-8,,true,0.0,PseudoHuber,1000,501,0.03922,19610
Cholesky,34.996625,10,,415.92246317552,1.7826328294117292e-6,7.089282346072418e-9,1.1309434308220762e-8,,true,5.684341886080802e-14,PseudoHuber,1000,501,0.03922,19610
Spectral-MM,7.817334,27,75,794.5786870767297,4.574769406298301e-6,9.456295058586432e-9,1.1419403380208241e-7,5,true,1.2505552149377763e-12,PseudoHuber,2000,1001,0.019792,39584
CGLS,13.764292,10,319,794.5786870767281,1.955792697649988e-6,4.042728972731322e-9,1.3466554926660178e-8,,true,-3.410605131648481e-13,PseudoHuber,2000,1001,0.019792,39584
CRLS,13.9755,10,303,794.5786870767283,1.9680952259336567e-6,4.068158962111073e-9,2.4486495290784473e-8,,true,-1.1368683772161603e-13,PseudoHuber,2000,1001,0.019792,39584
LSMR,14.008792,15,295,794.5786870767429,7.505367051197628e-6,1.5513998423921807e-8,3.951642381283048e-7,,true,1.4438228390645236e-11,PseudoHuber,2000,1001,0.019792,39584
LSQR,14.826542,19,314,794.5786870767355,6.046577902234443e-6,1.2498602587386702e-8,2.819710313385189e-7,,true,7.048583938740194e-12,PseudoHuber,2000,1001,0.019792,39584
Cholesky,145.106917,10,,794.5786870767286,1.8220497246923572e-6,3.7662750354992695e-9,7.435113685290927e-9,,true,1.1368683772161603e-13,PseudoHuber,2000,1001,0.019792,39584
Spectral-MM,15.80425,27,78,1639.3928347219435,9.503407921952576e-6,9.505044989313924e-9,1.0951374849342877e-7,5,true,2.2737367544323206e-12,PseudoHuber,4000,2001,0.009955375,79643
LSMR,25.351625,15,265,1639.392834721966,9.744728843784622e-6,9.746407481349836e-9,3.6978449438769086e-7,,true,2.4783730623312294e-11,PseudoHuber,4000,2001,0.009955375,79643
CGLS,26.272875,10,304,1639.3928347219407,4.707742626788264e-8,4.708553587641806e-11,4.702427108546101e-10,,true,-4.547473508864641e-13,PseudoHuber,4000,2001,0.009955375,79643
CRLS,26.668666,10,288,1639.3928347219412,4.2937326374823746e-8,4.294472280525892e-11,8.579093379086837e-10,,true,0.0,PseudoHuber,4000,2001,0.009955375,79643
LSQR,27.764417,21,285,1639.3928347219537,8.216002378076727e-6,8.217417675562047e-9,2.7133741030380686e-7,,true,1.2505552149377763e-11,PseudoHuber,4000,2001,0.009955375,79643
Cholesky,703.032625,10,,1639.3928347219412,2.9025230742989515e-10,2.9030230660734304e-13,0.0,,true,0.0,PseudoHuber,4000,2001,0.009955375,79643
Spectral-MM,40.402834,24,76,3954.309487152684,2.3944497567363887e-5,9.871756283274991e-9,2.691466715124057e-7,5,true,4.0472514228895307e-11,PseudoHuber,10000,5001,0.00399212,199606
CGLS,95.408542,12,379,3954.3094871526455,3.6155517843906797e-6,1.4906074326534389e-9,1.385368038352394e-8,,true,1.8189894035458565e-12,PseudoHuber,10000,5001,0.00399212,199606
LSMR,95.471125,16,356,3954.30948715272,2.0248035802811423e-5,8.347791558291877e-9,3.8069487483073513e-7,,true,7.639755494892597e-11,PseudoHuber,10000,5001,0.00399212,199606
CRLS,96.073,12,361,3954.3094871526446,4.69331084988125e-6,1.9349422864828417e-9,3.925490656247799e-8,,true,9.094947017729282e-13,PseudoHuber,10000,5001,0.00399212,199606
LSQR,99.582125,19,374,3954.3094871526864,1.7021453663236184e-5,7.017547212164157e-9,2.9579411749077844e-7,,true,4.274625098332763e-11,PseudoHuber,10000,5001,0.00399212,199606
Cholesky,8469.582333,12,,3954.309487152646,2.551363687604761e-6,1.0518675717949004e-9,3.806344701332747e-9,,true,2.2737367544323206e-12,PseudoHuber,10000,5001,0.00399212,199606
Spectral-MM,4.811333,46,83,395.3615323234303,4.015458200141055e-6,1.1729805356076346e-8,1.2055255793296226e-7,5,true,1.4779288903810084e-12,StudentT,1000,501,0.03922,19610
LSQR,10.236708,27,439,395.3615323234299,2.9693404142516056e-6,8.673925454853183e-9,6.518515083216069e-8,,true,1.0800249583553523e-12,StudentT,1000,501,0.03922,19610
LSMR,10.308042,28,420,395.3615323234304,2.9831291456863703e-6,8.714204578125172e-9,6.817487294101463e-8,,true,1.5916157281026244e-12,StudentT,1000,501,0.03922,19610
CGLS,13.081917,27,600,395.3615323234303,2.5735189060537063e-6,7.517666563465185e-9,4.679892097264005e-8,,true,1.4779288903810084e-12,StudentT,1000,501,0.03922,19610
CRLS,13.649,27,578,395.3615323234301,3.1820392035467833e-6,9.295253152354277e-9,1.8202153444916295e-7,,true,1.2505552149377763e-12,StudentT,1000,501,0.03922,19610
Cholesky,94.455916,27,,395.3615323234298,2.5753968089658693e-6,7.523152222769648e-9,4.662986376385426e-8,,true,9.663381206337363e-13,StudentT,1000,501,0.03922,19610
Spectral-MM,9.346125,42,81,788.2527918422992,7.2140531367999755e-6,1.081078642951158e-8,1.8163164687070075e-7,5,true,-7.958078640513122e-13,StudentT,2000,1001,0.019792,39584
LSMR,18.515375,25,378,788.2527918423027,6.1308212449996744e-6,9.187484186816503e-9,1.4502288643555884e-7,,true,2.7284841053187847e-12,StudentT,2000,1001,0.019792,39584
LSQR,18.878625,25,399,788.2527918423021,5.8093941670288766e-6,8.705802193807834e-9,8.798006522427845e-8,,true,2.1600499167107046e-12,StudentT,2000,1001,0.019792,39584
CGLS,25.437916,25,575,788.2527918422991,4.149527089417526e-6,6.2183699366351794e-9,6.622442846057712e-8,,true,-9.094947017729282e-13,StudentT,2000,1001,0.019792,39584
CRLS,25.615,24,538,788.2527918423023,6.150635730921412e-6,9.217177643663633e-9,7.440478477295929e-8,,true,2.2737367544323206e-12,StudentT,2000,1001,0.019792,39584
Cholesky,348.651792,24,,788.2527918423008,6.150720123846111e-6,9.217304112635761e-9,7.427976547593647e-8,,true,7.958078640513122e-13,StudentT,2000,1001,0.019792,39584
Spectral-MM,18.276208,42,81,1657.0406521314367,1.2283354520680881e-5,8.828645962144483e-9,2.0491201009268572e-7,5,true,2.091837814077735e-11,StudentT,4000,2001,0.009955375,79643
LSMR,36.899042,24,383,1657.0406521314344,1.6177431932044233e-5,1.162750931467804e-8,2.3812158633238454e-7,,true,1.864464138634503e-11,StudentT,4000,2001,0.009955375,79643
LSQR,37.647667,24,404,1657.0406521314208,9.709669512327463e-6,6.978813026151711e-9,1.212671148830934e-7,,true,5.002220859751105e-12,StudentT,4000,2001,0.009955375,79643
CGLS,49.917292,24,570,1657.040652131422,7.956124189302911e-6,5.718454480813569e-9,7.594147352856917e-8,,true,6.139089236967266e-12,StudentT,4000,2001,0.009955375,79643
CRLS,51.555792,24,546,1657.0406521314203,7.94935684178444e-6,5.713590458103585e-9,7.607379406833314e-8,,true,4.547473508864641e-12,StudentT,4000,2001,0.009955375,79643
Cholesky,1687.01975,24,,1657.0406521314203,9.208969238028448e-6,6.6189353194965755e-9,8.80771208039432e-8,,true,4.547473508864641e-12,StudentT,4000,2001,0.009955375,79643
Spectral-MM,49.858542,41,83,4177.245410695907,3.326504197840924e-5,9.68516910946344e-9,6.507329735625427e-7,5,true,1.9190338207408786e-10,StudentT,10000,5001,0.00399212,199606
LSMR,108.538834,23,393,4177.245410695777,2.7600776621440646e-5,8.036009372983242e-9,4.206380417049639e-7,,true,6.184563972055912e-11,StudentT,10000,5001,0.00399212,199606
LSQR,110.584709,23,413,4177.245410695758,3.195993010722212e-5,9.305183742620384e-9,3.228651107079922e-7,,true,4.3655745685100555e-11,StudentT,10000,5001,0.00399212,199606
CGLS,145.766625,23,572,4177.245410695739,2.5877813682221488e-5,7.534366012770242e-9,3.014832122226783e-7,,true,2.4556356947869062e-11,StudentT,10000,5001,0.00399212,199606
CRLS,149.051959,23,549,4177.2454106957475,2.5874563030155894e-5,7.533419580326484e-9,3.014951216468664e-7,,true,3.2741809263825417e-11,StudentT,10000,5001,0.00399212,199606
Cholesky,16050.8675,23,,4177.245410695759,2.5883929427035388e-5,7.536146621458226e-9,3.0149584590651494e-7,,true,4.4565240386873484e-11,StudentT,10000,5001,0.00399212,199606
