family,term,estimate,std_error,statistic,p_value,lower,upper,wald_chisq,wald_p_value,loss,relgradnorm,iterations,converged,inference_status
gaussian,(Intercept),0.1787385941037517,0.05321258363721349,3.3589535009676417,0.001123300996171894,0.07311245040830629,0.28436473779919713,11.282568621662778,0.0007823823091540414,12.91484326407583,1.9475246090688763e-8,1,true,ok
gaussian,x1,0.287177370457111,0.11430540038296354,2.512369227481512,0.013659895965126487,0.06028294397463527,0.5140717969395867,6.311999135196049,0.011992354284216007,12.91484326407583,1.9475246090688763e-8,1,true,ok
gaussian,x2,-0.16744498297228874,0.1127732754728547,-1.4847931149485314,0.1408749170099018,-0.3912981655449057,0.056408199600328224,2.2046105941985625,0.13759863632269623,12.91484326407583,1.9475246090688763e-8,1,true,ok
gaussian,x3,0.2677407786478819,0.09872816037807974,2.7118987897937927,0.007927785152857133,0.07176692919192051,0.46371462810384334,7.354395046085037,0.006689901576176636,12.91484326407583,1.9475246090688763e-8,1,true,ok
bernoulli,(Intercept),-0.07978495022706851,0.2092714970265434,-0.38125091740013123,0.7030170703633645,-0.48994954738987534,0.33037964693573835,0.14535226201844167,0.7030170703633645,67.12854326093549,4.066725694991649e-8,3,true,ok
bernoulli,x1,0.7034700596978797,0.4608301444452584,1.526527871879363,0.1268784545925742,-0.19974042640521927,1.6066805458009785,2.3302873436245366,0.1268784545925743,67.12854326093549,4.066725694991649e-8,3,true,ok
bernoulli,x2,0.012263821275653548,0.44390804458809885,0.027626940816161863,0.97795969419893,-0.8577799585646223,0.8823076011159293,0.0007632478588597103,0.97795969419893,67.12854326093549,4.066725694991649e-8,3,true,ok
bernoulli,x3,0.5119556419881809,0.39785104036596985,1.2868023205802102,0.1981631979098849,-0.2678180683409127,1.2917293523172746,1.6558602122506139,0.1981631979098849,67.12854326093549,4.066725694991649e-8,3,true,ok
probit,(Intercept),0.345697452997663,,,,,,,,63.701590559033285,1.5064332756730696e-7,500,false,unavailable
probit,x1,0.49462873433613547,,,,,,,,63.701590559033285,1.5064332756730696e-7,500,false,unavailable
probit,x2,-0.20541045791322066,,,,,,,,63.701590559033285,1.5064332756730696e-7,500,false,unavailable
probit,x3,0.3926861896026482,,,,,,,,63.701590559033285,1.5064332756730696e-7,500,false,unavailable
poisson,(Intercept),0.26438002237722186,0.08957999880650959,2.951328710645282,0.00316409988390614,0.08880645098132173,0.439953593773122,8.710341158279142,0.00316409988390614,94.17948752952987,3.586521294677365e-9,4,true,ok
poisson,x1,0.23561389355774434,0.19129223903853432,1.2316960413134261,0.21806264915549067,-0.1393120054798105,0.6105397925952992,1.5170751381871652,0.21806264915549067,94.17948752952987,3.586521294677365e-9,4,true,ok
poisson,x2,0.007103709198870682,0.1912692174437064,0.03713984557374695,0.9703735017572049,-0.36777706834195484,0.38198448673969615,0.0013793681292417709,0.9703735017572049,94.17948752952987,3.586521294677365e-9,4,true,ok
poisson,x3,0.26707863116780656,0.1738044784456587,1.5366613884538698,0.12437625107051914,-0.0735718869374532,0.6077291492730663,2.361328222764975,0.12437625107051914,94.17948752952987,3.586521294677365e-9,4,true,ok
gamma,(Intercept),0.20860569811773794,0.046153152159427786,4.519858088937175,1.7653470027854774e-5,0.11699241515396494,0.3002189810815109,20.429117144130814,6.188109723320626e-6,121.22470454922471,9.409785744224809e-9,8,true,ok
gamma,x1,0.32109553749085074,0.09914110866118225,3.238772914959066,0.0016492923391966342,0.1243019921714607,0.5178890828102407,10.489649994672444,0.0012004511018908952,121.22470454922471,9.409785744224809e-9,8,true,ok
gamma,x2,-0.28219925187172146,0.09781224264359518,-2.885111763565111,0.004831609024962355,-0.47635501899408583,-0.08804348474935708,8.323869888261784,0.003912747289792459,121.22470454922471,9.409785744224809e-9,8,true,ok
gamma,x3,0.15623082998542437,0.08563041853813122,1.8244781778785162,0.07119028914909215,-0.013744207401867936,0.3262058673727167,3.3287206215549103,0.06807981248391679,121.22470454922471,9.409785744224809e-9,8,true,ok
negative_binomial,(Intercept),0.12349000593712549,,,,,,,,830.8614765386503,3.434286773977004e-8,7,true,low_level
negative_binomial,x1,0.2868703761792238,,,,,,,,830.8614765386503,3.434286773977004e-8,7,true,low_level
negative_binomial,x2,-0.5017310275014971,,,,,,,,830.8614765386503,3.434286773977004e-8,7,true,low_level
negative_binomial,x3,0.1402321661644498,,,,,,,,830.8614765386503,3.434286773977004e-8,7,true,low_level
gaussian_log,(Intercept),0.19451154040647944,0.022295752842388973,8.72415216393463,8.159357331352193e-14,0.15025482080075508,0.2387682600122038,76.11083097948529,2.681822901078769e-18,3.096900906139513,1.7197551172394285e-8,6,true,ok
gaussian_log,x1,0.369815905439919,0.043713978210777465,8.459900484388829,2.994038673203236e-13,0.28304434449729116,0.4565874663825468,71.56991620576234,2.6760578885293925e-17,3.096900906139513,1.7197551172394285e-8,6,true,ok
gaussian_log,x2,-0.27647370965991597,0.04187619465224512,-6.602168892275252,2.2353927036936382e-9,-0.35959729907088317,-0.19335012024894876,43.58863408212702,4.051855150760511e-11,3.096900906139513,1.7197551172394285e-8,6,true,ok
gaussian_log,x3,0.20495442017303647,0.03949109350160732,5.1898897194298925,1.1731816075299484e-6,0.12656521912747948,0.28334362121859347,26.934955299844088,2.104186649763002e-7,3.096900906139513,1.7197551172394285e-8,6,true,ok
gamma_inverse,(Intercept),1.9071668526107313,0.09544739602503143,19.98133979590779,5.658244305248132e-36,1.717705268925373,2.09662843629609,399.25394003952835,8.004660204997679e-89,35.211610101856124,1.6059919108874594e-8,4,true,ok
gamma_inverse,x1,0.311015652457795,0.20132444686300677,1.5448479173988676,0.12567328638835767,-0.08861021609121011,0.7106415210068001,2.3865550878916184,0.12238305378508599,35.211610101856124,1.6059919108874594e-8,4,true,ok
gamma_inverse,x2,-0.6060749354094391,0.19805345320064294,-3.0601583845924663,0.002868224798105935,-0.9992079328555626,-0.21294193796331562,9.364569338791572,0.0022121996939243544,35.211610101856124,1.6059919108874594e-8,4,true,ok
gamma_inverse,x3,0.08497475516379396,0.17673129512407426,0.4808132883547162,0.6317431927777192,-0.2658340930125389,0.4357836033401268,0.23118141825847546,0.6306492050292767,35.211610101856124,1.6059919108874594e-8,4,true,ok
tweedie,(Intercept),0.16986646093067442,,,,,,,,443.21509511310865,5.7446915985669985e-9,8,true,low_level
tweedie,x1,0.5684902239954129,,,,,,,,443.21509511310865,5.7446915985669985e-9,8,true,low_level
tweedie,x2,-0.4138488337862326,,,,,,,,443.21509511310865,5.7446915985669985e-9,8,true,low_level
tweedie,x3,0.20646166299903765,,,,,,,,443.21509511310865,5.7446915985669985e-9,8,true,low_level
binomial,(Intercept),0.20376867035678956,,,,,,,,271.3314751264659,2.8387205981373246e-9,3,true,low_level
binomial,x1,0.560934139171964,,,,,,,,271.3314751264659,2.8387205981373246e-9,3,true,low_level
binomial,x2,-0.24653611647838444,,,,,,,,271.3314751264659,2.8387205981373246e-9,3,true,low_level
binomial,x3,0.19251141634258276,,,,,,,,271.3314751264659,2.8387205981373246e-9,3,true,low_level
smooth_quantile,(Intercept),0.17234548408239286,0.0481474043350594,3.579538429175431,0.0003442016306779403,0.0779783056365886,0.26671266252819714,12.813095365943713,0.0003442016306779403,15.718706775483867,1.7497114560361685e-8,6,true,ok
smooth_quantile,x1,0.4781211366627791,0.16072162194304557,2.974840167007582,0.0029314124148617335,0.16311254611754678,0.7931297272080114,8.849674019241698,0.0029314124148617335,15.718706775483867,1.7497114560361685e-8,6,true,ok
smooth_quantile,x2,-0.28432706994490503,0.11376816650554611,-2.49917950405788,0.01244812396808106,-0.5073085788829319,-0.06134556100687816,6.245898193502992,0.01244812396808107,15.718706775483867,1.7497114560361685e-8,6,true,ok
smooth_quantile,x3,0.3819884968730869,0.07881936293401048,4.846378892873025,1.257352819694116e-6,0.2275053842380348,0.536471609508139,23.487388373285167,1.25735281969412e-6,15.718706775483867,1.7497114560361685e-8,6,true,ok
expectile,(Intercept),0.2147022895268898,0.05318068776569384,4.037222881976179,5.4087677398549294e-5,0.11047005683305981,0.3189345222207198,16.299168598752043,5.4087677398549436e-5,4.522450451092561,1.0829264196553785e-10,3,true,ok
expectile,x1,0.3688482580397653,0.11190431242726331,3.2961040556816164,0.000980356967951129,0.1495198359676108,0.5881766801119198,10.8643019458808,0.000980356967951131,4.522450451092561,1.0829264196553785e-10,3,true,ok
expectile,x2,-0.309376859092203,0.10903943917311809,-2.837293198115374,0.004549781009754811,-0.5230902327659608,-0.09566348541844524,8.050232692071768,0.004549781009754811,4.522450451092561,1.0829264196553785e-10,3,true,ok
expectile,x3,0.07689900080145023,0.09016092119400569,0.8529083308275119,0.3937101414553611,-0.0998131575517553,0.25361115915465576,0.7274526207949725,0.3937101414553611,4.522450451092561,1.0829264196553785e-10,3,true,ok
pseudo_huber,(Intercept),0.3245752532260655,0.07130071349504005,4.552202037201832,5.308731709010784e-6,0.18482842270377775,0.46432208374835326,20.722543387504512,5.308731709010784e-6,18.217788485064332,2.7465656153791444e-9,4,true,ok
pseudo_huber,x1,0.4098537411394193,0.16125917989492444,2.5415839359128434,0.011035144661182448,0.09379155636890124,0.7259159259099374,6.45964890329022,0.011035144661182458,18.217788485064332,2.7465656153791444e-9,4,true,ok
pseudo_huber,x2,-0.07684413041742945,0.1811035438852142,-0.4243104732734234,0.671339402130271,-0.4318005539050191,0.2781122930701602,0.18003937772951656,0.671339402130271,18.217788485064332,2.7465656153791444e-9,4,true,ok
pseudo_huber,x3,0.10801560562705873,0.11668481145296587,0.9257040764949808,0.3545997887987541,-0.1206824223636016,0.33671363361771905,0.8569280372394252,0.3545997887987541,18.217788485064332,2.7465656153791444e-9,4,true,ok
student_t,(Intercept),0.21702166038460147,0.059606266645445084,3.640920201822195,0.0002716653342835002,0.10019552450663778,0.33384779626256517,13.256299916036973,0.0002716653342835002,66.00725563416397,5.583332230412853e-9,13,true,ok
student_t,x1,0.3046191987713715,0.11436486951488072,2.663573176479125,0.0077315593811250255,0.08046817342558213,0.5287702241171609,7.094622066459096,0.007731559381125033,66.00725563416397,5.583332230412853e-9,13,true,ok
student_t,x2,-0.3551212718748936,0.10166009386653307,-3.4932219553242123,0.0004772296711315491,-0.55437139451826,-0.15587114923152717,12.202599629159113,0.0004772296711315491,66.00725563416397,5.583332230412853e-9,13,true,ok
student_t,x3,0.16589117635783873,0.13506579855820294,1.228224895781832,0.2193625554640919,-0.09883292435938146,0.4306152770750589,1.5085363946182921,0.21936255546409195,66.00725563416397,5.583332230412853e-9,13,true,ok
