family,term,estimate,std_error,statistic,p_value,lower,upper,wald_chisq,wald_p_value,loss,relgradnorm,iterations,converged,inference_status
gaussian,(Intercept),0.17873859410375192,0.053212583637213505,3.3589535009676452,0.0011233009961718803,0.07311245040785096,0.2843647377996529,11.2825686216628,0.0007823823091540333,12.914843264075827,1.947524742999792e-08,1,True,ok
gaussian,x1,0.2871773704571109,0.11430540038296355,2.5123692274815106,0.013659895965126546,0.060282943973656605,0.5140717969405652,6.311999135196042,0.011992354284216042,12.914843264075827,1.947524742999792e-08,1,True,ok
gaussian,x2,-0.16744498297228858,0.11277327547285473,-1.4847931149485294,0.14087491700990235,-0.391298165545871,0.05640819960129384,2.2046105941985568,0.13759863632269695,12.914843264075827,1.947524742999792e-08,1,True,ok
gaussian,x3,0.26774077864788154,0.09872816037807976,2.7118987897937883,0.007927785152857228,0.07176692919107494,0.4637146281046881,7.354395046085013,0.006689901576176727,12.914843264075827,1.947524742999792e-08,1,True,ok
bernoulli,(Intercept),-0.07978495022706855,0.2092714970265434,-0.38125091740013145,0.7030170703633642,-0.4899495473898746,0.3303796469357375,0.14535226201844184,0.7030170703633645,67.1285432609355,4.066725697201336e-08,3,True,ok
bernoulli,x1,0.7034700596978798,0.4608301444452584,1.5265278718793631,0.1268784545925742,-0.1997404264052175,1.6066805458009772,2.330287343624537,0.12687845459257482,67.1285432609355,4.066725697201336e-08,3,True,ok
bernoulli,x2,0.012263821275653529,0.44390804458809885,0.027626940816161818,0.97795969419893,-0.8577799585646206,0.8823076011159277,0.0007632478588597078,0.97795969419893,67.1285432609355,4.066725697201336e-08,3,True,ok
bernoulli,x3,0.5119556419881809,0.3978510403659698,1.2868023205802104,0.1981631979098848,-0.26781806834091115,1.2917293523172728,1.6558602122506145,0.1981631979098812,67.1285432609355,4.066725697201336e-08,3,True,ok
probit,(Intercept),0.3456974953627069,0.13405973213388914,2.5786825757450367,0.009917787428714374,0.08294524860319719,0.6084497421222166,6.649603826451057,0.009917787428714379,63.70159055903351,4.578935024985439e-08,8,True,ok
probit,x1,0.494628830934574,0.2922639520531543,1.6924045112638981,0.09056887279798495,-0.07819798906894959,1.0674556509380975,2.864233029746394,0.0905688727979852,63.70159055903351,4.578935024985439e-08,8,True,ok
probit,x2,-0.20541042582526078,0.28384926429445095,-0.7236602368367541,0.46927435048406485,-0.7617447608805757,0.3509239092300541,0.523684138378627,0.46927435048406463,63.70159055903351,4.578935024985439e-08,8,True,ok
probit,x3,0.3926862712693445,0.2482724102938159,1.581675027058477,0.11372377653280603,-0.09391871126148599,0.879291253800175,2.5016958912204337,0.11372377653280583,63.70159055903351,4.578935024985439e-08,8,True,ok
poisson,(Intercept),0.2643800223772219,0.0895799988065096,2.9513287106452823,0.0031640998839061337,0.08880645098132206,0.43995359377312176,8.710341158279144,0.0031640998839061354,94.17948752952987,3.5865213033403416e-09,4,True,ok
poisson,x1,0.2356138935577444,0.19129223903853432,1.2316960413134264,0.21806264915549067,-0.1393120054798098,0.6105397925952986,1.5170751381871657,0.21806264915548712,94.17948752952987,3.5865213033403416e-09,4,True,ok
poisson,x2,0.007103709198870663,0.1912692174437064,0.037139845573746846,0.970373501757205,-0.3677770683419541,0.38198448673969543,0.0013793681292417633,0.970373501757205,94.17948752952987,3.5865213033403416e-09,4,True,ok
poisson,x3,0.26707863116780656,0.1738044784456587,1.5366613884538698,0.12437625107051914,-0.07357188693745259,0.6077291492730656,2.361328222764975,0.12437625107051901,94.17948752952987,3.5865213033403416e-09,4,True,ok
gamma,(Intercept),0.20860569811773788,0.04615315215942779,4.519858088937173,1.76534700278549e-05,0.11699241515356978,0.300218981081906,20.429117144130796,6.188109723320671e-06,121.22470454922471,9.40978574477807e-09,8,True,ok
gamma,x1,0.3210955374908507,0.09914110866118227,3.238772914959065,0.0016492923391966344,0.12430199217061194,0.5178890828110894,10.489649994672439,0.0012004511018908967,121.22470454922471,9.40978574477807e-09,8,True,ok
gamma,x2,-0.2821992518717214,0.0978122426435952,-2.88511176356511,0.004831609024962367,-0.4763550189949231,-0.0880434847485197,8.323869888261779,0.003912747289792477,121.22470454922471,9.40978574477807e-09,8,True,ok
gamma,x3,0.15623082998542434,0.08563041853813123,1.8244781778785157,0.07119028914909224,-0.013744207402601016,0.3262058673734497,3.328720621554909,0.0680798124839168,121.22470454922471,9.40978574477807e-09,8,True,ok
negative_binomial,(Intercept),0.12349000593712545,0.11108410940724978,1.111680208772201,0.2662756721881401,-0.09423084775579113,0.34121085963004205,1.2358328865758046,0.26627567218813686,830.8614765386502,3.434286777991857e-08,7,True,ok
negative_binomial,x1,0.28687037617922384,0.23115449570890417,1.241033081789953,0.21459352818408828,-0.16618411027474683,0.7399248626331945,1.5401631100970683,0.2145935281840847,830.8614765386502,3.434286777991857e-08,7,True,ok
negative_binomial,x2,-0.5017310275014971,0.22487428133007492,-2.2311623389472732,0.025670377641336395,-0.9424765199577718,-0.060985535045222417,4.978085382736667,0.025670377641336364,830.8614765386502,3.434286777991857e-08,7,True,ok
negative_binomial,x3,0.14023216616444986,0.2001413634601284,0.7006655882625009,0.48351173618748733,-0.25203769803414255,0.5325020303630423,0.4909322665752365,0.48351173618748733,830.8614765386502,3.434286777991857e-08,7,True,ok
gaussian_log,(Intercept),0.19451154040647944,0.02229575284238897,8.724152163934631,8.159357331352193e-14,0.15025482080056424,0.23876826001239465,76.11083097948531,2.681822901078734e-18,3.096900906139513,1.7197551144026718e-08,6,True,ok
gaussian_log,x1,0.3698159054399189,0.04371397821077746,8.459900484388827,2.994038673203301e-13,0.28304434449691684,0.4565874663829209,71.56991620576231,2.676057888529437e-17,3.096900906139513,1.7197551144026718e-08,6,True,ok
gaussian_log,x2,-0.27647370965991586,0.041876194652245124,-6.602168892275248,2.2353927036936705e-09,-0.35959729907124155,-0.19335012024859016,43.58863408212698,4.05185515076061e-11,3.096900906139513,1.7197551144026718e-08,6,True,ok
gaussian_log,x3,0.2049544201730365,0.03949109350160733,5.189889719429892,1.1731816075299512e-06,0.12656521912714142,0.2833436212189316,26.93495529984408,2.1041866497630073e-07,3.096900906139513,1.7197551144026718e-08,6,True,ok
gamma_inverse,(Intercept),1.9071668526107308,0.09544739602503137,19.981339795907797,5.658244305248052e-36,1.7177052689245556,2.096628436296906,399.25394003952863,8.004660204996522e-89,35.211610101856124,1.6059919036665453e-08,4,True,ok
gamma_inverse,x1,0.31101565245779506,0.20132444686300663,1.544847917398869,0.12567328638835737,-0.08861021609293324,0.7106415210085233,2.386555087891623,0.12238305378508592,35.211610101856124,1.6059919036665453e-08,4,True,ok
gamma_inverse,x2,-0.6060749354094392,0.1980534532006428,-3.060158384592469,0.0028682247981059073,-0.9992079328572578,-0.2129419379616206,9.364569338791588,0.0022121996939243327,35.211610101856124,1.6059919036665453e-08,4,True,ok
gamma_inverse,x3,0.084974755163794,0.17673129512407412,0.4808132883547168,0.6317431927777187,-0.2658340930140515,0.43578360334163946,0.23118141825847607,0.6306492050292762,35.211610101856124,1.6059919036665453e-08,4,True,ok
tweedie,(Intercept),0.16986646093067448,0.09569930005649759,1.7750021246800254,0.07906702771068849,-0.0200951483059727,0.35982807016732166,3.1506325426186046,0.07589753636826092,443.21509511310865,5.744691589669063e-09,8,True,ok
tweedie,x1,0.568490223995413,0.201696703706954,2.8185399837836465,0.005859006178514676,0.1681254314495892,0.9688550165412368,7.944167640187118,0.0048242602142375334,443.21509511310865,5.744691589669063e-09,8,True,ok
tweedie,x2,-0.41384883378623266,0.19725325375905445,-2.098058338199838,0.038526170638944215,-0.8053934478964027,-0.02230421967606272,4.401848790489866,0.035899992250852615,443.21509511310865,5.744691589669063e-09,8,True,ok
tweedie,x3,0.20646166299903768,0.17541121572572477,1.1770151762807675,0.2420994886157787,-0.141726848283109,0.5546501742811843,1.3853647251952461,0.23918944892377236,443.21509511310865,5.744691589669063e-09,8,True,ok
binomial,(Intercept),0.20376867035678956,0.10419899950562997,1.955572235084462,0.050515566282372346,-0.00045761589935208735,0.40799495661293117,3.8242627666332383,0.05051556628237232,271.3314751264659,2.8387205498498163e-09,3,True,ok
binomial,x1,0.5609341391719641,0.22670165506858414,2.4743274988542296,0.013348726731485325,0.116607060001917,1.005261218342011,6.122296571586228,0.013348726731485318,271.3314751264659,2.8387205498498163e-09,3,True,ok
binomial,x2,-0.24653611647838442,0.2218630703194289,-1.111208440969614,0.26647863876647926,-0.6813797438039424,0.18830751084717362,1.23478419928212,0.266478638766476,271.3314751264659,2.8387205498498163e-09,3,True,ok
binomial,x3,0.19251141634258273,0.19330618277071926,0.9958885617793239,0.3193042934763226,-0.18636173987694415,0.5713845725621096,0.9917940274828904,0.3193042934763198,271.3314751264659,2.8387205498498163e-09,3,True,ok
smooth_quantile,(Intercept),0.17234548408239286,0.048147404335059395,3.5795384291754315,0.0003442016306779396,0.07797830563658878,0.2667126625281969,12.813095365943715,0.00034420163067793965,15.71870677548387,1.749711459353381e-08,6,True,ok
smooth_quantile,x1,0.47812113666277917,0.1607216219430457,2.9748401670075797,0.002931412414861752,0.1631125461175471,0.7931297272080112,8.849674019241684,0.002931412414861757,15.71870677548387,1.749711459353381e-08,6,True,ok
smooth_quantile,x2,-0.28432706994490503,0.1137681665055461,-2.49917950405788,0.01244812396808106,-0.5073085788829315,-0.0613455610068786,6.245898193502992,0.012448123968081074,15.71870677548387,1.749711459353381e-08,6,True,ok
smooth_quantile,x3,0.3819884968730869,0.0788193629340105,4.846378892873024,1.2573528196941228e-06,0.22750538423803504,0.5364716095081388,23.487388373285157,1.2573528196941239e-06,15.71870677548387,1.749711459353381e-08,6,True,ok
expectile,(Intercept),0.21470228952688977,0.05318068776569384,4.037222881976178,5.4087677398549484e-05,0.11047005683305997,0.3189345222207196,16.299168598752036,5.4087677398549565e-05,4.522450451092562,1.082927888926776e-10,3,True,ok
expectile,x1,0.36884825803976534,0.11190431242726331,3.296104055681617,0.0009803569679511291,0.14951983596761126,0.5881766801119195,10.864301945880802,0.0009803569679511293,4.522450451092562,1.082927888926776e-10,3,True,ok
expectile,x2,-0.30937685909220314,0.1090394391731181,-2.8372931981153746,0.004549781009754803,-0.5230902327659606,-0.09566348541844572,8.05023269207177,0.004549781009754816,4.522450451092562,1.082927888926776e-10,3,True,ok
expectile,x3,0.07689900080145028,0.09016092119400569,0.8529083308275124,0.3937101414553609,-0.09981315755175492,0.2536111591546555,0.7274526207949733,0.3937101414553609,4.522450451092562,1.082927888926776e-10,3,True,ok
pseudo_huber,(Intercept),0.3245752532260655,0.07130071349504007,4.552202037201831,5.308731709010798e-06,0.18482842270377797,0.46432208374835304,20.7225433875045,5.308731709010813e-06,18.217788485064332,2.7465656698385926e-09,4,True,ok
pseudo_huber,x1,0.4098537411394193,0.16125917989492447,2.541583935912843,0.011035144661182461,0.09379155636890174,0.7259159259099368,6.459648903290218,0.011035144661182461,18.217788485064332,2.7465656698385926e-09,4,True,ok
pseudo_huber,x2,-0.07684413041742942,0.18110354388521419,-0.4243104732734233,0.671339402130271,-0.43180055390501837,0.2781122930701595,0.18003937772951648,0.671339402130271,18.217788485064332,2.7465656698385926e-09,4,True,ok
pseudo_huber,x3,0.10801560562705873,0.11668481145296587,0.9257040764949808,0.3545997887987541,-0.12068242236360119,0.33671363361771867,0.8569280372394252,0.3545997887987542,18.217788485064332,2.7465656698385926e-09,4,True,ok
student_t,(Intercept),0.21702166038460147,0.0596062666454451,3.640920201822194,0.00027166533428350104,0.10019552450663798,0.33384779626256494,13.256299916036966,0.0002716653342835012,66.00725563416397,5.5833322010925595e-09,13,True,ok
student_t,x1,0.30461919877137156,0.11436486951488072,2.663573176479126,0.007731559381125005,0.0804681734255826,0.5287702241171606,7.094622066459101,0.007731559381125009,66.00725563416397,5.5833322010925595e-09,13,True,ok
student_t,x2,-0.3551212718748936,0.10166009386653307,-3.4932219553242123,0.000477229671131549,-0.5543713945182597,-0.15587114923152753,12.202599629159113,0.00047722967113154885,66.00725563416397,5.5833322010925595e-09,13,True,ok
student_t,x3,0.16589117635783876,0.13506579855820303,1.2282248957818316,0.2193625554640921,-0.09883292435938115,0.43061527707505864,1.508536394618291,0.21936255546408862,66.00725563416397,5.5833322010925595e-09,13,True,ok
