"family","term","estimate","std_error","statistic","p_value","lower","upper","wald_chisq","wald_p_value","loss","relgradnorm","iterations","converged","inference_status"
"gaussian","(Intercept)",0.178738594103752,0.0532125836372135,3.35895350096765,0.00112330099617188,0.0731124504083065,0.284364737799197,11.2825686216628,0.000782382309154032,12.9148432640758,1.94752472833187e-08,1,TRUE,"ok"
"gaussian","x1",0.287177370457111,0.114305400382964,2.51236922748151,0.0136598959651265,0.0602829439746351,0.514071796939586,6.31199913519604,0.0119923542842161,12.9148432640758,1.94752472833187e-08,1,TRUE,"ok"
"gaussian","x2",-0.167444982972289,0.112773275472855,-1.48479311494853,0.140874917009902,-0.391298165544906,0.0564081996003283,2.20461059419856,0.137598636322697,12.9148432640758,1.94752472833187e-08,1,TRUE,"ok"
"gaussian","x3",0.267740778647882,0.0987281603780798,2.71189878979379,0.0079277851528572,0.0717669291919203,0.463714628103843,7.35439504608502,0.0066899015761767,12.9148432640758,1.94752472833187e-08,1,TRUE,"ok"
"bernoulli","(Intercept)",-0.0797849502270685,0.209271497026543,-0.381250917400131,0.703017070363364,-0.489949547389874,0.330379646935737,0.145352262018442,0.703017070363364,67.1285432609355,4.0667256950043e-08,3,TRUE,"ok"
"bernoulli","x1",0.70347005969788,0.460830144445258,1.52652787187936,0.126878454592574,-0.199740426405217,1.60668054580098,2.33028734362454,0.126878454592574,67.1285432609355,4.0667256950043e-08,3,TRUE,"ok"
"bernoulli","x2",0.0122638212756535,0.443908044588099,0.0276269408161618,0.97795969419893,-0.85777995856462,0.882307601115927,0.000763247858859705,0.97795969419893,67.1285432609355,4.0667256950043e-08,3,TRUE,"ok"
"bernoulli","x3",0.511955641988181,0.39785104036597,1.28680232058021,0.198163197909885,-0.267818068340911,1.29172935231727,1.65586021225061,0.198163197909885,67.1285432609355,4.0667256950043e-08,3,TRUE,"ok"
"probit","(Intercept)",0.345697495362707,0.134059732133889,2.57868257574504,0.00991778742871435,0.0829452486031974,0.608449742122216,6.64960382645106,0.00991778742871436,63.7015905590335,4.57893500667631e-08,8,TRUE,"ok"
"probit","x1",0.494628830934574,0.292263952053154,1.6924045112639,0.0905688727979849,-0.0781979890689494,1.0674556509381,2.8642330297464,0.0905688727979851,63.7015905590335,4.57893500667631e-08,8,TRUE,"ok"
"probit","x2",-0.205410425825261,0.283849264294451,-0.723660236836754,0.469274350484065,-0.761744760880576,0.350923909230054,0.523684138378627,0.469274350484065,63.7015905590335,4.57893500667631e-08,8,TRUE,"ok"
"probit","x3",0.392686271269345,0.248272410293816,1.58167502705848,0.113723776532806,-0.0939187112614858,0.879291253800175,2.50169589122043,0.113723776532806,63.7015905590335,4.57893500667631e-08,8,TRUE,"ok"
"poisson","(Intercept)",0.264380022377222,0.0895799988065096,2.95132871064528,0.00316409988390613,0.0888064509813221,0.439953593773122,8.71034115827914,0.00316409988390613,94.1794875295299,3.58652125294028e-09,4,TRUE,"ok"
"poisson","x1",0.235613893557744,0.191292239038534,1.23169604131343,0.218062649155491,-0.13931200547981,0.610539792595298,1.51707513818717,0.218062649155491,94.1794875295299,3.58652125294028e-09,4,TRUE,"ok"
"poisson","x2",0.00710370919887065,0.191269217443706,0.0371398455737468,0.970373501757205,-0.367777068341954,0.381984486739695,0.00137936812924176,0.970373501757205,94.1794875295299,3.58652125294028e-09,4,TRUE,"ok"
"poisson","x3",0.267078631167807,0.173804478445659,1.53666138845387,0.124376251070519,-0.0735718869374524,0.607729149273066,2.36132822276498,0.124376251070519,94.1794875295299,3.58652125294028e-09,4,TRUE,"ok"
"gamma","(Intercept)",0.208605698117738,0.0461531521594278,4.51985808893718,1.76534700278548e-05,0.116992415153965,0.300218981081511,20.4291171441308,6.18810972332062e-06,121.224704549225,9.40978573206427e-09,8,TRUE,"ok"
"gamma","x1",0.321095537490851,0.0991411086611822,3.23877291495907,0.00164929233919663,0.124301992171461,0.517889082810241,10.4896499946724,0.00120045110189089,121.224704549225,9.40978573206427e-09,8,TRUE,"ok"
"gamma","x2",-0.282199251871721,0.0978122426435952,-2.88511176356511,0.00483160902496237,-0.476355018994086,-0.088043484749357,8.32386988826178,0.00391274728979247,121.224704549225,9.40978573206427e-09,8,TRUE,"ok"
"gamma","x3",0.156230829985424,0.0856304185381312,1.82447817787852,0.0711902891490922,-0.0137442074018679,0.326205867372717,3.32872062155491,0.0680798124839169,121.224704549225,9.40978573206427e-09,8,TRUE,"ok"
"negative_binomial","(Intercept)",0.123490005937125,0.11108410940725,1.1116802087722,0.26627567218814,-0.094230847755791,0.341210859630042,1.2358328865758,0.26627567218814,830.86147653865,3.43428677496806e-08,7,TRUE,"ok"
"negative_binomial","x1",0.286870376179224,0.231154495708904,1.24103308178995,0.214593528184088,-0.166184110274747,0.739924862633194,1.54016311009707,0.214593528184088,830.86147653865,3.43428677496806e-08,7,TRUE,"ok"
"negative_binomial","x2",-0.501731027501497,0.224874281330075,-2.23116233894727,0.0256703776413364,-0.942476519957772,-0.0609855350452226,4.97808538273667,0.0256703776413364,830.86147653865,3.43428677496806e-08,7,TRUE,"ok"
"negative_binomial","x3",0.14023216616445,0.200141363460128,0.700665588262501,0.483511736187487,-0.252037698034142,0.532502030363042,0.490932266575236,0.483511736187487,830.86147653865,3.43428677496806e-08,7,TRUE,"ok"
"gaussian_log","(Intercept)",0.194511540406479,0.022295752842389,8.72415216393463,8.15935733135228e-14,0.150254820800755,0.238768260012204,76.1108309794853,2.68182290107877e-18,3.09690090613951,1.71975511621965e-08,6,TRUE,"ok"
"gaussian_log","x1",0.369815905439919,0.0437139782107775,8.45990048438883,2.9940386732033e-13,0.283044344497291,0.456587466382547,71.5699162057623,2.67605788852947e-17,3.09690090613951,1.71975511621965e-08,6,TRUE,"ok"
"gaussian_log","x2",-0.276473709659916,0.0418761946522451,-6.60216889227525,2.23539270369367e-09,-0.359597299070883,-0.193350120248949,43.588634082127,4.05185515076061e-11,3.09690090613951,1.71975511621965e-08,6,TRUE,"ok"
"gaussian_log","x3",0.204954420173037,0.0394910935016073,5.18988971942989,1.17318160752996e-06,0.126565219127479,0.283343621218594,26.9349552998441,2.10418664976302e-07,3.09690090613951,1.71975511621965e-08,6,TRUE,"ok"
"gamma_inverse","(Intercept)",1.90716685261073,0.0954473960250314,19.9813397959078,5.65824430524805e-36,1.71770526892537,2.09662843629609,399.253940039529,8.00466020499704e-89,35.2116101018561,1.60599189561768e-08,4,TRUE,"ok"
"gamma_inverse","x1",0.311015652457795,0.201324446863007,1.54484791739887,0.125673286388357,-0.0886102160912097,0.7106415210068,2.38655508789162,0.122383053785086,35.2116101018561,1.60599189561768e-08,4,TRUE,"ok"
"gamma_inverse","x2",-0.606074935409439,0.198053453200643,-3.06015838459247,0.00286822479810592,-0.999207932855563,-0.212941937963316,9.36456933879158,0.00221219969392434,35.2116101018561,1.60599189561768e-08,4,TRUE,"ok"
"gamma_inverse","x3",0.0849747551637941,0.176731295124074,0.480813288354717,0.631743192777719,-0.265834093012538,0.435783603340127,0.231181418258476,0.630649205029276,35.2116101018561,1.60599189561768e-08,4,TRUE,"ok"
"tweedie","(Intercept)",0.169866460930674,0.0956993000564976,1.77500212468003,0.0790670277106885,-0.0200951483051534,0.359828070166502,3.15063254261861,0.0758975363682608,443.215095113109,5.74469150603583e-09,8,TRUE,"ok"
"tweedie","x1",0.568490223995413,0.201696703706954,2.81853998378365,0.00585900617851467,0.168125431451316,0.96885501653951,7.94416764018712,0.00482426021423753,443.215095113109,5.74469150603583e-09,8,TRUE,"ok"
"tweedie","x2",-0.413848833786233,0.197253253759054,-2.09805833819984,0.0385261706389443,-0.805393447894714,-0.0223042196777514,4.40184879048986,0.0358999922508526,443.215095113109,5.74469150603583e-09,8,TRUE,"ok"
"tweedie","x3",0.206461662999038,0.175411215725725,1.17701517628077,0.242099488615779,-0.141726848281607,0.554650174279683,1.38536472519525,0.239189448923776,443.215095113109,5.74469150603583e-09,8,TRUE,"ok"
"binomial","(Intercept)",0.20376867035679,0.10419899950563,1.95557223508446,0.0505155662823724,-0.000457615899352032,0.407994956612931,3.82426276663324,0.0505155662823723,271.331475126466,2.83872052713151e-09,3,TRUE,"ok"
"binomial","x1",0.560934139171964,0.226701655068584,2.47432749885423,0.0133487267314853,0.116607060001917,1.00526121834201,6.12229657158623,0.0133487267314853,271.331475126466,2.83872052713151e-09,3,TRUE,"ok"
"binomial","x2",-0.246536116478384,0.221863070319429,-1.11120844096961,0.266478638766479,-0.681379743803942,0.188307510847173,1.23478419928212,0.266478638766479,271.331475126466,2.83872052713151e-09,3,TRUE,"ok"
"binomial","x3",0.192511416342583,0.193306182770719,0.995888561779324,0.319304293476323,-0.186361739876944,0.57138457256211,0.991794027482891,0.319304293476323,271.331475126466,2.83872052713151e-09,3,TRUE,"ok"
"smooth_quantile","(Intercept)",0.172345484082393,0.0481474043350594,3.57953842917543,0.00034420163067794,0.0779783056365888,0.266712662528197,12.8130953659437,0.00034420163067794,15.7187067754839,1.74971145668327e-08,6,TRUE,"ok"
"smooth_quantile","x1",0.478121136662779,0.160721621943046,2.97484016700758,0.00293141241486174,0.163112546117547,0.793129727208011,8.84967401924169,0.00293141241486174,15.7187067754839,1.74971145668327e-08,6,TRUE,"ok"
"smooth_quantile","x2",-0.284327069944905,0.113768166505546,-2.49917950405788,0.0124481239680811,-0.507308578882931,-0.0613455610068787,6.24589819350299,0.012448123968081,15.7187067754839,1.74971145668327e-08,6,TRUE,"ok"
"smooth_quantile","x3",0.381988496873087,0.0788193629340105,4.84637889287302,1.25735281969413e-06,0.227505384238035,0.536471609508139,23.4873883732851,1.25735281969413e-06,15.7187067754839,1.74971145668327e-08,6,TRUE,"ok"
"expectile","(Intercept)",0.21470228952689,0.0531806877656938,4.03722288197618,5.40876773985493e-05,0.11047005683306,0.31893452222072,16.299168598752,5.40876773985494e-05,4.52245045109256,1.08292712169647e-10,3,TRUE,"ok"
"expectile","x1",0.368848258039765,0.111904312427263,3.29610405568162,0.000980356967951129,0.149519835967611,0.588176680111919,10.8643019458808,0.000980356967951129,4.52245045109256,1.08292712169647e-10,3,TRUE,"ok"
"expectile","x2",-0.309376859092203,0.109039439173118,-2.83729319811537,0.00454978100975482,-0.523090232765961,-0.0956634854184457,8.05023269207176,0.00454978100975482,4.52245045109256,1.08292712169647e-10,3,TRUE,"ok"
"expectile","x3",0.0768990008014503,0.0901609211940057,0.852908330827513,0.393710141455361,-0.0998131575517548,0.253611159154655,0.727452620794974,0.393710141455361,4.52245045109256,1.08292712169647e-10,3,TRUE,"ok"
"pseudo_huber","(Intercept)",0.324575253226066,0.0713007134950401,4.55220203720183,5.30873170901081e-06,0.184828422703778,0.464322083748353,20.7225433875045,5.30873170901082e-06,18.2177884850643,2.74656565936168e-09,4,TRUE,"ok"
"pseudo_huber","x1",0.409853741139419,0.161259179894924,2.54158393591284,0.0110351446611825,0.0937915563689019,0.725915925909937,6.45964890329022,0.0110351446611825,18.2177884850643,2.74656565936168e-09,4,TRUE,"ok"
"pseudo_huber","x2",-0.0768441304174295,0.181103543885214,-0.424310473273423,0.671339402130271,-0.431800553905018,0.278112293070159,0.180039377729517,0.671339402130271,18.2177884850643,2.74656565936168e-09,4,TRUE,"ok"
"pseudo_huber","x3",0.108015605627059,0.116684811452966,0.925704076494981,0.354599788798754,-0.120682422363601,0.336713633617719,0.856928037239425,0.354599788798754,18.2177884850643,2.74656565936168e-09,4,TRUE,"ok"
"student_t","(Intercept)",0.217021660384601,0.0596062666454451,3.64092020182219,0.000271665334283501,0.100195524506638,0.333847796262565,13.256299916037,0.000271665334283501,66.007255634164,5.58333221704795e-09,13,TRUE,"ok"
"student_t","x1",0.304619198771372,0.114364869514881,2.66357317647913,0.00773155938112503,0.0804681734255826,0.52877022411716,7.0946220664591,0.00773155938112503,66.007255634164,5.58333221704795e-09,13,TRUE,"ok"
"student_t","x2",-0.355121271874894,0.101660093866533,-3.49322195532421,0.000477229671131552,-0.55437139451826,-0.155871149231528,12.2025996291591,0.000477229671131551,66.007255634164,5.58333221704795e-09,13,TRUE,"ok"
"student_t","x3",0.165891176357839,0.135065798558203,1.22822489578183,0.219362555464092,-0.098832924359381,0.430615277075059,1.50853639461829,0.219362555464092,66.007255634164,5.58333221704795e-09,13,TRUE,"ok"
