language,family,storage,n,p,p_total,method,median_ms,min_ms,max_ms,samples,converged,quality_pass,iterations,inner_iterations,loss,gradnorm,relgrad
Julia,gaussian,dense,2000,1000,1001,Spectral-MM,347.11562499999997,325.5995,349.433208,3,true,false,24,89,485.21078610770223,5.8489316455159876e-5,1.861671560654434e-8
Julia,gaussian,sparse,2000,1000,1001,Spectral-MM,19.221249999999998,18.460082999999997,25.284166,3,true,false,26,65,483.6954984384977,2.4736957397932896e-6,1.1777253773624383e-8
Julia,bernoulli,dense,2000,1000,1001,Spectral-MM,1740.774542,1673.360375,1854.368625,3,true,true,54,311,1.60862759852163e-5,5.138306444862451e-6,5.645728119541082e-9
Julia,bernoulli,sparse,2000,1000,1001,Spectral-MM,363.364833,179.474917,376.525083,3,true,true,74,492,3.632107405355795e-5,8.564842248185664e-7,8.505887276832511e-9
Julia,probit,dense,2000,1000,1001,Spectral-MM,899.944125,876.743,1342.344,3,true,true,41,140,1.058423618679241e-5,1.3866716727339583e-5,8.727951094445719e-9
Julia,probit,sparse,2000,1000,1001,Spectral-MM,175.27058300000002,173.165875,226.80904099999998,3,true,true,67,305,3.132012618088793e-6,9.747981330180838e-7,6.178993671938634e-9
Julia,poisson,dense,2000,1000,1001,Spectral-MM,855.620208,804.653417,855.6241660000001,3,true,false,32,213,-2875.8390178765335,9.4549886752054e-5,1.1265451265209315e-8
Julia,poisson,sparse,2000,1000,1001,Spectral-MM,28.944166,22.24725,45.613415999999994,3,true,false,28,77,1040.7852900402493,8.053169567180773e-6,2.905020490781348e-8
Julia,gamma,dense,2000,1000,1001,Spectral-MM,135.471083,134.267084,138.232583,3,true,false,59,149,2636.046150405798,0.0001162509653855476,3.445518326308233e-8
Julia,gamma,sparse,2000,1000,1001,Spectral-MM,15.1775,14.932875,15.364792,3,true,false,75,119,2681.7513235473943,1.0374599118174621e-5,6.568771868249925e-8
Julia,negative_binomial,dense,2000,1000,1001,Spectral-MM,164.372125,162.796291,166.202833,3,true,false,71,162,18100.222483916878,0.00020250156188618632,3.925272292737748e-8
Julia,negative_binomial,sparse,2000,1000,1001,Spectral-MM,8.056667,7.835916999999999,8.363709,3,true,false,30,79,17407.721003331677,5.469305901536625e-6,2.5126934415063236e-8
Julia,smooth_quantile,dense,2000,1000,1001,Spectral-MM,367.1905,364.73675,368.306375,3,true,false,42,594,365.3167623805882,7.931725678142244e-6,1.0646182936642674e-8
Julia,smooth_quantile,sparse,2000,1000,1001,Spectral-MM,21.950999999999997,21.590958,22.121499999999997,3,true,true,40,380,375.2890424303687,2.4415826143718897e-6,9.063926270449913e-9
Julia,expectile,dense,2000,1000,1001,Spectral-MM,98.000625,97.812292,100.18716699999999,3,true,true,29,120,186.8132667670148,6.8464907892765604e-6,5.549883693631638e-9
Julia,expectile,sparse,2000,1000,1001,Spectral-MM,6.567416000000001,6.4263330000000005,7.20875,3,true,true,26,71,188.5901334574274,1.9498374320866343e-6,5.044468618404702e-9
Julia,pseudo_huber,dense,2000,1000,1001,Spectral-MM,101.818917,101.734083,102.12183399999999,3,true,true,31,130,786.2359289100145,7.896608531593815e-6,5.201748265642968e-9
Julia,pseudo_huber,sparse,2000,1000,1001,Spectral-MM,7.825291999999999,7.7415,8.765792,3,true,true,27,75,794.5786870767295,4.575014460277358e-6,9.45680159837575e-9
Julia,student_t,dense,2000,1000,1001,Spectral-MM,110.341125,109.634459,111.49941700000001,3,true,false,40,116,785.1796320778636,0.000124181948567364,6.210623342744594e-8
Julia,student_t,sparse,2000,1000,1001,Spectral-MM,9.697292,9.220167,10.843334,3,true,true,42,81,788.2527918423002,3.8000011593893884e-6,5.694579758013519e-9
