language,family,storage,n,p,p_total,method,median_ms,min_ms,max_ms,samples,batch,converged,quality_pass,iterations,inner_iterations,loss,gradnorm,relgrad,coef_norm,relative_coef_error,glm_input,warnings,error,termination
Python,gaussian,dense,2000,1000,1001,LSMR,34.48302049999996,33.92202100000002,35.132667000000005,3,2,True,True,2,85,485.21078610769683,2.3195861332909016e-05,7.383070616232345e-09,1.6831488222997573,2.108263992163127e-07,dense,,,gradient
Python,gaussian,dense,2000,1000,1001,GLM,515.1362920000003,506.1284580000001,534.1038339999999,3,1,True,True,3,-1,485.2107861076953,1.6099190813778085e-11,5.124253026710784e-15,1.683148816874535,2.2146597099935811e-07,dense,,,GLM
Python,gaussian,dense,2000,1000,1001,LSQR,34.773208500000095,34.70581249999994,35.1695835000001,3,2,True,True,2,88,485.21078610769575,2.3068055787953037e-05,7.342391059219416e-09,1.6831488281314495,2.1921375952056315e-07,dense,,,gradient
Python,gaussian,dense,2000,1000,1001,CGLS,35.1066040000001,34.879958499999915,35.24529199999993,3,2,True,True,2,88,485.21078610769575,2.3068055769658155e-05,7.342391053396291e-09,1.6831488281314497,2.1921375949101755e-07,dense,,,gradient
Python,gaussian,dense,2000,1000,1001,Spectral-MM,51.58920800000022,51.38295900000011,52.36345899999995,3,1,True,True,25,95,485.21078610769587,2.9456239530122662e-05,9.375702562551757e-09,1.6831488327892765,1.9257217068266493e-07,dense,,,gradient
Python,gaussian,dense,2000,1000,1001,CRLS,33.34622950000021,33.112812499999755,33.5916665,3,2,True,True,2,85,485.21078610769683,2.3195861291890033e-05,7.3830706031763066e-09,1.6831488222997575,2.108263996560403e-07,dense,,,gradient
Python,gaussian,dense,2000,1000,1001,CG,34.45385450000016,33.96341699999983,34.81454200000034,3,2,True,True,2,88,485.2107861076957,2.306805574930435e-05,7.342391046917826e-09,1.6831488281314495,2.192137594283476e-07,dense,,,gradient
Python,gaussian,sparse,2000,1000,1001,LSMR,2.4698484545454638,2.4460757727272733,2.5024223636363323,3,22,True,True,2,50,483.695498438498,1.4310926086813182e-06,6.8134251738681545e-09,7.371100477465571,5.591467294734216e-08,sparse,,,gradient
Python,gaussian,sparse,2000,1000,1001,GLM,510.1172500000004,509.9900420000001,521.5382079999999,3,1,True,True,3,-1,483.69549843849757,2.830514077835459e-12,1.3476064201521495e-14,7.371100409434507,3.8829518769221195e-08,dense conversion included,,,GLM
Python,gaussian,sparse,2000,1000,1001,LSQR,2.4400238095238316,2.435047619047601,2.5144602857142844,3,21,True,True,2,50,483.6954984384976,1.420605724847681e-06,6.763497169297316e-09,7.3711004371049595,4.4104152260568263e-08,sparse,,,gradient
Python,gaussian,sparse,2000,1000,1001,CGLS,2.3902840909090934,2.374433727272741,2.3929507272727366,3,22,True,True,2,50,483.6954984384977,1.4206057245796117e-06,6.763497168021039e-09,7.37110043710496,4.41041522934967e-08,sparse,,,gradient
Python,gaussian,sparse,2000,1000,1001,Spectral-MM,5.404704199999966,5.366362499999955,5.469783399999972,3,10,True,False,25,65,483.695498438498,2.5011867855500663e-06,1.1908138513073753e-08,7.371100333762691,3.378526755186317e-08,sparse,,,stalled_step
Python,gaussian,sparse,2000,1000,1001,CRLS,2.3808750000000196,2.326963999999997,2.3908484999999917,3,22,True,True,2,50,483.6954984384979,1.4310926113171068e-06,6.813425186417132e-09,7.371100477465571,5.591467296650076e-08,sparse,,,gradient
Python,gaussian,sparse,2000,1000,1001,CG,2.3224659090908792,2.3167253636363325,2.3408958636363537,3,22,True,True,2,50,483.6954984384976,1.4206057221560186e-06,6.763497156482324e-09,7.37110043710496,4.410415228500813e-08,sparse,,,gradient
Python,bernoulli,dense,2000,1000,1001,LSMR,647.2767079999996,645.4482079999995,658.3024160000015,3,1,True,True,11,1754,2.961309655507154e-06,4.810379685053744e-06,5.285417704257637e-09,216.83537615685995,0.2591680254396917,dense,,,gradient
Python,bernoulli,dense,2000,1000,1001,GLM,3557.268208,3546.578125,3581.6725420000016,3,1,True,False,42,-1,2.8524148160147917e-12,4.621148754158331e-13,5.077499706546279e-16,378.5053546069175,1.0823780934032583,dense,"Perfect separation or prediction detected, parameter may not be identified | overflow encountered in exp",,GLM
Python,bernoulli,dense,2000,1000,1001,LSQR,661.6082080000006,654.4381669999985,663.4835829999979,3,1,True,True,11,1789,2.920058213587728e-06,4.800814861988978e-06,5.274908329016078e-09,218.0893210143343,0.2759042886322001,dense,,,gradient
Python,bernoulli,dense,2000,1000,1001,CGLS,667.4645420000012,659.5282910000009,668.3958749999981,3,1,True,True,11,1789,2.9238055072395825e-06,4.843408990750862e-06,5.321708743327444e-09,218.0771761083467,0.2757213317971223,dense,,,gradient
Python,bernoulli,dense,2000,1000,1001,Spectral-MM,223.53016699999984,223.2134170000002,224.78387499999997,3,1,True,True,54,297,3.2097944339273426e-05,5.654571404504001e-06,6.212975641863603e-09,181.33159374399054,0.04448228622246379,dense,,,gradient
Python,bernoulli,dense,2000,1000,1001,CRLS,653.8487910000015,653.508458000001,666.770249999999,3,1,True,True,11,1754,2.9615734809046414e-06,4.812095500958388e-06,5.287302961628866e-09,216.83718828561052,0.2591741298530613,dense,,,gradient
Python,bernoulli,dense,2000,1000,1001,CG,674.1782089999972,670.5597090000026,676.3927080000017,3,1,True,True,11,1789,2.9200790520931114e-06,4.806647294820961e-06,5.2813167303829886e-09,218.08585311912825,0.2758608680910706,dense,,,gradient
Python,bernoulli,sparse,2000,1000,1001,LSMR,110.40158400000166,110.35349999999511,110.52137499999759,3,1,True,True,16,2591,9.067403451537721e-07,1.352477518458663e-07,1.3431679163613922e-09,2569.5603346921093,0.39896067467740187,sparse,,,gradient
Python,bernoulli,sparse,2000,1000,1001,GLM,20618.130042000004,4106.856750000005,21285.325791,3,1,True,False,47,-1,5.493040615769562e-12,1.4455039815394222e-13,1.4355540439511884e-15,3919.5901985239284,1.0246880258847106,dense conversion included,"Perfect separation or prediction detected, parameter may not be identified | overflow encountered in exp",,GLM
Python,bernoulli,sparse,2000,1000,1001,LSQR,110.72412500000439,109.60570800000369,111.44012500000144,3,1,True,True,16,2605,9.358228200344285e-07,2.951185528302423e-07,2.9308714287268303e-09,2592.4857052270163,0.4137704918072449,sparse,,,gradient
Python,bernoulli,sparse,2000,1000,1001,CGLS,108.57379200000139,105.85333299999888,109.21241700000905,3,1,True,True,16,2605,9.150240799154871e-07,2.0169454000868186e-07,2.0030620202372753e-09,2592.5075649405,0.4137742747346977,sparse,,,gradient
Python,bernoulli,sparse,2000,1000,1001,Spectral-MM,59.99091700000747,57.11725000000456,62.97716699999967,3,1,True,True,86,546,1.3393524984491828e-05,5.152056167785248e-07,5.1165926630317405e-09,2092.4075654142234,0.06747895675967575,sparse,,,gradient
Python,bernoulli,sparse,2000,1000,1001,CRLS,107.24695800000461,106.85241599999529,107.44383299999072,3,1,True,True,16,2591,9.066774868750241e-07,1.3478551599292234e-07,1.3385773752322956e-09,2569.556094112173,0.39891956428895015,sparse,,,gradient
Python,bernoulli,sparse,2000,1000,1001,CG,106.37329199998646,106.18308300000479,106.56325000000777,3,1,True,True,16,2605,9.28943971107984e-07,2.6116734795716355e-07,2.593696366776063e-09,2592.422926198884,0.41374414398807235,sparse,,,gradient
Python,probit,dense,2000,1000,1001,LSMR,676.3819579999932,658.5555839999984,681.8742499999928,3,1,True,True,11,1744,2.1247779705094143e-08,4.627068939180525e-07,2.9123571358585415e-10,41.74733587398097,0.5178888284710104,dense,,,gradient
Python,probit,dense,2000,1000,1001,GLM,3332.1837080000023,3311.6605830000053,3345.1176250000003,3,1,True,False,39,-1,2.0040635817508705e-12,4.3408822928864375e-12,2.7322263160074713e-15,50.67140291720234,0.8019630802596306,dense,"Perfect separation or prediction detected, parameter may not be identified",,GLM
Python,probit,dense,2000,1000,1001,LSQR,661.9061669999979,659.6150419999987,669.4984159999962,3,1,True,True,11,1783,2.1181164824716758e-08,4.487409797968216e-07,2.8244532593778123e-10,42.180457181654475,0.5457629620343215,dense,,,gradient
Python,probit,dense,2000,1000,1001,CGLS,657.9913750000088,657.9363339999986,658.1835419999891,3,1,True,True,11,1783,2.119581377341512e-08,4.4686534470907513e-07,2.812647688067192e-10,42.17775987847339,0.5455599282882376,dense,,,gradient
Python,probit,dense,2000,1000,1001,Spectral-MM,161.80462500000203,159.6559159999913,163.97708300000602,3,1,True,True,37,175,4.750401341227346e-06,1.0614916614565042e-05,6.681211919536902e-09,32.62975749728979,0.026515090205733706,dense,,,gradient
Python,probit,dense,2000,1000,1001,CRLS,646.0322500000046,645.7364999999982,647.1584579999927,3,1,True,True,11,1744,2.1247109185898956e-08,4.627625462341173e-07,2.912707421151345e-10,41.7488840525241,0.5179770437031382,dense,,,gradient
Python,probit,dense,2000,1000,1001,CG,659.0675000000061,658.1311670000076,660.713458999993,3,1,True,True,11,1783,2.1184933365759705e-08,4.493261750349633e-07,2.828136579315497e-10,42.181190924199235,0.5457932786748285,dense,,,gradient
Python,probit,sparse,2000,1000,1001,LSMR,100.42250000000763,99.60358300000394,101.33570899999711,3,1,True,True,16,2351,6.147568212363241e-08,8.103852385082824e-07,5.136822785115308e-09,515.4088186853811,0.42000204355153037,sparse,,,gradient
Python,probit,sparse,2000,1000,1001,GLM,3575.1196669999954,3569.9809159999913,3597.902875000017,3,1,True,False,42,-1,3.834432771299136e-12,1.715751796746718e-12,1.0875707631785784e-14,563.0127907315834,0.5236646551603008,dense conversion included,"Perfect separation or prediction detected, parameter may not be identified",,GLM
Python,probit,sparse,2000,1000,1001,LSQR,94.1592920000005,93.83054200000629,94.31937499999776,3,1,True,True,14,2216,3.232669830579617e-07,1.208928185290575e-06,7.663083620821973e-09,454.7973949686707,0.3207157899929261,sparse,,,gradient
Python,probit,sparse,2000,1000,1001,CGLS,92.78266699999449,92.38866699999448,93.18874999999593,3,1,True,True,14,2218,3.2527460125390984e-07,1.2531467215142385e-06,7.943373504700256e-09,454.7839960405005,0.3206172316591475,sparse,,,gradient
Python,probit,sparse,2000,1000,1001,Spectral-MM,52.86633299999721,52.67679199999975,53.34945800001378,3,1,True,True,76,451,7.011135814854264e-06,1.430267907517858e-06,9.066098970017009e-09,384.3435948833984,0.03481725067442025,sparse,,,gradient
Python,probit,sparse,2000,1000,1001,CRLS,96.74920800000564,96.53858300001161,98.73679200001106,3,1,True,True,16,2347,6.578237303896913e-08,8.642909090135227e-07,5.478516911982608e-09,515.3545802289418,0.419888393127716,sparse,,,gradient
Python,probit,sparse,2000,1000,1001,CG,90.94995899999958,90.7024169999886,91.06400000001713,3,1,True,True,14,2216,3.237595501057565e-07,1.214825050517852e-06,7.700462326924752e-09,454.79530810270126,0.32069833483111554,sparse,,,gradient
Python,poisson,dense,2000,1000,1001,LSMR,142.39279200000965,141.57104199998116,142.90474999998537,3,1,True,True,6,372,-2875.839017876527,4.750384157852852e-06,5.659998447343583e-10,1.583186138096157,1.4335805264579992e-07,dense,,,gradient
Python,poisson,dense,2000,1000,1001,GLM,1135.2501659999916,1124.2320000000063,1136.8163340000024,3,1,True,True,11,-1,-2875.83901787653,9.303843722087059e-11,1.1085364735036927e-14,1.5831861345852236,1.341106801975681e-07,dense,,,GLM
Python,poisson,dense,2000,1000,1001,LSQR,162.36804100000768,161.3958340000181,162.91408300000398,3,1,True,True,6,407,-2875.8390178765335,5.103830929546484e-06,6.081124005304515e-10,1.583186134762765,1.3468139794421746e-07,dense,,,gradient
Python,poisson,dense,2000,1000,1001,CGLS,163.03941700002156,160.744875000006,168.92949999999018,3,1,True,True,6,409,-2875.8390178765326,5.081030549340102e-06,6.053957756790986e-10,1.583186134645636,1.3449359041014136e-07,dense,,,gradient
Python,poisson,dense,2000,1000,1001,Spectral-MM,123.34304199998769,121.9314170000132,123.83474999998612,3,1,True,False,34,209,-2875.8390178765303,8.734270487712262e-05,1.040672833109882e-08,1.58318614451308,1.5895368851231267e-07,dense,,,stalled_step
Python,poisson,dense,2000,1000,1001,CRLS,149.95266600001855,148.5909589999892,151.4726249999967,3,1,True,True,6,372,-2875.8390178765326,4.749773747846166e-06,5.659271154649922e-10,1.5831861380825958,1.4336422099493159e-07,dense,,,gradient
Python,poisson,dense,2000,1000,1001,CG,161.68262499999742,158.49249999999415,161.97016600000325,3,1,True,True,6,405,-2875.839017876532,4.435475222274484e-06,5.284790037412834e-10,1.5831861346225022,1.3453507740725047e-07,dense,,,gradient
Python,poisson,sparse,2000,1000,1001,LSMR,6.596630125002889,6.496390624999293,6.599000000001354,3,8,True,True,5,129,1040.7852900402463,2.7371504336349184e-06,9.873724910084226e-09,6.114240050303304,1.4033269073736738e-07,sparse,,,gradient
Python,poisson,sparse,2000,1000,1001,GLM,888.5083750000149,870.4319999999939,3123.342749999978,3,1,True,True,7,-1,1040.785290040246,2.172056047201726e-12,7.835259485856695e-15,6.114240049255185,1.2679244502132042e-07,dense conversion included,,,GLM
Python,poisson,sparse,2000,1000,1001,LSQR,27.87650000000023,24.85348600000255,27.898000000002792,3,3,True,True,5,134,1040.7852900402493,2.7484223590111352e-06,9.91438613535125e-09,6.114240055359428,1.3268261552973147e-07,sparse,,,gradient
Python,poisson,sparse,2000,1000,1001,CGLS,26.285478999994893,24.553687500002752,26.498478999997133,3,2,True,True,5,134,1040.7852900402486,2.748423249073042e-06,9.914389346072266e-09,6.114240055359431,1.3268261627407213e-07,sparse,,,gradient
Python,poisson,sparse,2000,1000,1001,Spectral-MM,32.984854000005726,29.46791649999625,34.0026249999994,3,2,True,True,30,81,1040.7852900402477,1.6226023116659622e-06,5.85321459390177e-09,6.114240036211564,9.930875914480847e-08,sparse,,,gradient
Python,poisson,sparse,2000,1000,1001,CRLS,22.370888666671362,20.17045833333479,22.978041666666133,3,3,True,True,5,129,1040.785290040248,2.7371472991756515e-06,9.87371360314685e-09,6.114240050303298,1.403326821388185e-07,sparse,,,gradient
Python,poisson,sparse,2000,1000,1001,CG,25.56858299999476,25.335437500004332,27.047687500001416,3,2,True,True,5,134,1040.785290040248,2.748434466322362e-06,9.914429810064553e-09,6.114240055359469,1.3268262295246825e-07,sparse,,,gradient
Python,gamma,dense,2000,1000,1001,LSMR,3770.701166000009,3691.496000000001,3788.712458999981,3,1,True,True,49,1896,2636.0461504057894,1.8244474879992002e-05,5.407410798215847e-09,1.4863564544284498,2.7192315943531616e-07,dense,,,gradient
Python,gamma,dense,2000,1000,1001,GLM,89725.63149999996,87719.12925000004,223502.82649999997,3,1,False,False,1000,-1,2636.9053821904545,81.27678607518756,0.024089318742148487,1.486117388113084,0.024852773370481335,dense,,,GLM
Python,gamma,dense,2000,1000,1001,LSQR,1317.5143329999628,724.5294169999852,4015.1012499999297,3,1,True,True,45,1902,2636.0461504057894,2.530445722498415e-05,7.499892221695463e-09,1.4863564533920242,2.729162740647674e-07,dense,,,gradient
Python,gamma,dense,2000,1000,1001,CGLS,744.5150419999891,743.5085409999829,3338.48470800001,3,1,True,True,45,1902,2636.046150405789,2.5304457617739093e-05,7.499892338102614e-09,1.4863564533920237,2.7291627429173977e-07,dense,,,gradient
Python,gamma,dense,2000,1000,1001,Spectral-MM,89.72749999998086,89.33204099992054,90.97545800000262,3,1,True,False,59,143,2636.0461504057953,9.038433847003861e-05,2.6788671696353972e-08,1.4863564202159314,1.32321882394194e-07,dense,,,stalled_step
Python,gamma,dense,2000,1000,1001,CRLS,735.3444999999965,731.4945829999715,737.429958000007,3,1,True,True,49,1896,2636.04615040579,1.8244474700803436e-05,5.407410745106827e-09,1.4863564544284498,2.7192315962245406e-07,dense,,,gradient
Python,gamma,dense,2000,1000,1001,CG,734.236874999965,730.4054999999607,738.8666660000354,3,1,True,True,45,1902,2636.0461504057894,2.5304457377421053e-05,7.49989226687566e-09,1.4863564533920242,2.729162742288478e-07,dense,,,gradient
Python,gamma,sparse,2000,1000,1001,LSMR,39.573520999965695,39.37927050003509,39.656020999984776,3,2,True,False,38,792,2681.7513235473975,2.675978872638285e-06,1.6943203817701143e-08,6.015997858867354,8.816175655849814e-08,sparse,,,stalled_step
Python,gamma,sparse,2000,1000,1001,GLM,306984.283541,210938.80687499995,365511.04254100006,3,1,False,False,1000,-1,2682.9507307766576,13.033142074166348,0.08252052540681833,6.02756064197854,0.04380628614419485,dense conversion included,,,GLM
Python,gamma,sparse,2000,1000,1001,LSQR,149.95087499983129,139.9657079998633,166.38658400006534,3,1,True,True,40,862,2681.7513235474,1.4869761937984571e-06,9.414925125607392e-09,6.015997874054395,7.752119457634595e-08,sparse,,,gradient
Python,gamma,sparse,2000,1000,1001,CGLS,178.7339999998494,176.40974999994796,181.28645800015875,3,1,True,True,41,870,2681.751323547401,7.982387005635048e-07,5.054120993672182e-09,6.015997874773483,7.690295066652385e-08,sparse,,,gradient
Python,gamma,sparse,2000,1000,1001,Spectral-MM,77.92758300001879,77.13975000001483,83.42808299994431,3,1,True,False,78,126,2681.751323547399,5.412501794702062e-06,3.4269747795466307e-08,6.015997646530052,1.9165796372574228e-07,sparse,,,stalled_step
Python,gamma,sparse,2000,1000,1001,CRLS,136.52716699994016,136.09233299985135,140.76129199997922,3,1,True,False,38,792,2681.751323547398,2.6759788727821747e-06,1.6943203818612193e-08,6.015997858867354,8.816175656725442e-08,sparse,,,stalled_step
Python,gamma,sparse,2000,1000,1001,CG,151.2865000001966,143.23912500003644,185.6570830000237,3,1,True,True,40,862,2681.7513235474,1.4869761907402091e-06,9.414925106243817e-09,6.015997874054395,7.752119458433915e-08,sparse,,,gradient
Python,negative_binomial,dense,2000,1000,1001,LSMR,2312.7055830000245,2290.4211659999874,2314.0050829999836,3,1,True,True,28,1193,18100.22248391688,3.786975800115023e-05,7.340640261241306e-09,1.8475358116590834,2.548488971632685e-07,dense,,,gradient
Python,negative_binomial,dense,2000,1000,1001,GLM,10307.620416999953,10185.326416999942,10550.061125000184,3,1,True,True,21,-1,18100.222483916903,2.7319157020483005e-05,5.29552113646038e-09,1.8475358120872936,2.5542705666287985e-07,dense,,,GLM
Python,negative_binomial,dense,2000,1000,1001,LSQR,2602.571291000004,2441.0295840000344,2676.0025419998783,3,1,True,True,28,1335,18100.222483916892,2.5703228859997374e-05,4.982291056833936e-09,1.8475358118955594,2.548108502556772e-07,dense,,,gradient
Python,negative_binomial,dense,2000,1000,1001,CGLS,2751.5277500001503,2706.1197919999813,2775.3994579998107,3,1,True,True,28,1335,18100.222483916892,2.5703229545270613e-05,4.9822911896666924e-09,1.8475358118955592,2.5481085020283157e-07,dense,,,gradient
Python,negative_binomial,dense,2000,1000,1001,Spectral-MM,458.6727079999946,425.48633399997016,497.97033400000146,3,1,True,False,39,145,18100.22248391693,0.00012320965477874795,2.388285006772551e-08,1.847535624628644,7.360565340776419e-07,dense,,,stalled_step
Python,negative_binomial,dense,2000,1000,1001,CRLS,2355.541083999924,2289.1993329999423,2358.738958999993,3,1,True,True,28,1193,18100.222483916885,3.786975818298874e-05,7.340640296488721e-09,1.8475358116590836,2.5484889737105e-07,dense,,,gradient
Python,negative_binomial,dense,2000,1000,1001,CG,2698.689707999847,2559.5480419999603,2995.625708000034,3,1,True,True,28,1335,18100.222483916892,2.570322871282909e-05,4.9822910283069664e-09,1.8475358118955592,2.548108502232275e-07,dense,,,gradient
Python,negative_binomial,sparse,2000,1000,1001,LSMR,67.76320900007704,65.38595899996835,86.5123329999733,3,1,True,False,16,372,17407.721003331677,3.801566542893907e-06,1.746505222371209e-08,7.780604833093949,1.0849908789479333e-07,sparse,,,stalled_step
Python,negative_binomial,sparse,2000,1000,1001,GLM,7909.837791999962,1585.951625000007,8528.110875000039,3,1,True,False,16,-1,17407.721003331724,2.534836123653061e-06,1.1645474248216555e-08,7.780604831569763,1.082158835095228e-07,dense conversion included,,,GLM
Python,negative_binomial,sparse,2000,1000,1001,LSQR,20.04729166666645,19.914749999998094,20.110736000030254,3,3,True,True,17,405,17407.721003331677,1.3401983944640394e-06,6.157102522170101e-09,7.780604833373653,1.0903715695171977e-07,sparse,,,gradient
Python,negative_binomial,sparse,2000,1000,1001,CGLS,19.504166666668727,19.374777666674465,19.74081933334067,3,3,True,True,17,405,17407.721003331677,1.3401984052386654e-06,6.157102571670591e-09,7.780604833373653,1.0903715696199866e-07,sparse,,,gradient
Python,negative_binomial,sparse,2000,1000,1001,Spectral-MM,9.33653483332364,9.273458333344328,9.368652833359192,3,6,True,False,34,85,17407.72100333165,3.7347138895948703e-06,1.715791960667454e-08,7.780604753288535,3.747051095891494e-08,sparse,,,stalled_step
Python,negative_binomial,sparse,2000,1000,1001,CRLS,17.437770750007076,17.188781250013108,17.456197999990763,3,4,True,False,16,372,17407.721003331677,3.8015665278857927e-06,1.7465052154762225e-08,7.780604833093949,1.0849908794757242e-07,sparse,,,stalled_step
Python,negative_binomial,sparse,2000,1000,1001,CG,18.72305533333929,18.577805666685283,19.180583333384977,3,3,True,True,17,405,17407.721003331677,1.3401983937110207e-06,6.1571025187106035e-09,7.780604833373653,1.0903715698733777e-07,sparse,,,gradient
Python,smooth_quantile,dense,2000,1000,1001,LSMR,1300.7538340000337,1293.6749579998832,1331.7371659998116,3,1,True,True,23,3515,365.3167623805875,4.686306046664667e-06,6.290090390717119e-09,1.9836338891328293,7.996504485617639e-08,dense,,,gradient
Python,smooth_quantile,dense,2000,1000,1001,LSQR,1218.9962500001457,1209.3078329999116,1220.9742089999054,3,1,True,True,20,3325,365.3167623805883,6.104060513751838e-07,8.193039891031605e-10,1.9836338928935058,9.961105926665373e-08,dense,,,gradient
Python,smooth_quantile,dense,2000,1000,1001,CGLS,1233.4109999999328,1218.4711669999615,1248.8005420000263,3,1,True,True,20,3319,365.3167623805882,5.925626922683752e-07,7.953541359484072e-10,1.9836338928655848,1.0229970213778181e-07,dense,,,gradient
Python,smooth_quantile,dense,2000,1000,1001,Spectral-MM,252.9475410001396,247.04720899990207,254.74225000016304,3,1,True,False,40,566,365.3167623805898,2.0433357313066483e-05,2.7426220824071963e-08,1.9836338576330181,1.3760831236210748e-07,dense,,,stalled_step
Python,smooth_quantile,dense,2000,1000,1001,CRLS,2175.86695800037,1149.463792000006,2335.7139580002695,3,1,True,True,21,3141,365.31676238058765,5.861660310004598e-07,7.867683591823714e-10,1.9836338928734054,9.510362484148015e-08,dense,,,gradient
Python,smooth_quantile,dense,2000,1000,1001,CG,1810.673166000015,1803.9310829999522,1815.0267080000049,3,1,True,True,29,4876,365.3167623805878,6.18915687404923e-07,8.307258593963435e-10,1.9836338929560404,1.0315403277654781e-07,dense,,,gradient
Python,smooth_quantile,sparse,2000,1000,1001,LSMR,83.43979100027354,83.23425000025964,83.63595800028634,3,1,True,True,19,1988,375.2890424303674,3.1051053165252815e-07,1.152713223189769e-09,9.047615012870441,1.4802738003747267e-07,sparse,,,gradient
Python,smooth_quantile,sparse,2000,1000,1001,LSQR,93.67045900035009,93.32170800007589,93.93395799997961,3,1,True,True,19,2250,375.2890424303684,1.2596727442034374e-06,4.676303317015764e-09,9.047615006105321,1.9111407423128907e-07,sparse,,,gradient
Python,smooth_quantile,sparse,2000,1000,1001,CGLS,91.23154200005956,90.04499999991822,91.32074999979523,3,1,True,True,19,2251,375.2890424303681,1.4288883554984566e-06,5.304485142836037e-09,9.047615005772093,1.955760345525945e-07,sparse,,,gradient
Python,smooth_quantile,sparse,2000,1000,1001,Spectral-MM,21.03081933334276,20.921708333238104,21.30973599999682,3,3,True,True,43,355,375.2890424303691,2.4906622081681287e-06,9.246125233095795e-09,9.047614996613097,2.625091206065398e-07,sparse,,,gradient
Python,smooth_quantile,sparse,2000,1000,1001,CRLS,80.93066700030249,80.51933300021119,81.3886249998177,3,1,True,True,19,1990,375.2890424303677,4.912936602990902e-07,1.8238373290661713e-09,9.047615004384092,1.3965221137311257e-07,sparse,,,gradient
Python,smooth_quantile,sparse,2000,1000,1001,CG,90.75645800021448,90.05095800011986,91.18395800032886,3,1,True,True,19,2252,375.28904243036794,8.350071039991738e-07,3.0998102547914192e-09,9.047615006634205,1.8064683271262845e-07,sparse,,,gradient
Python,expectile,dense,2000,1000,1001,LSMR,88.04937500008236,87.77954099969065,88.05025000037858,3,1,True,True,5,218,186.8132667670145,4.2859876457820796e-07,3.4742956177913823e-10,1.752354650896451,3.802181102603755e-08,dense,,,gradient
Python,expectile,dense,2000,1000,1001,LSQR,94.37204100004237,93.78654200008896,94.87241699980586,3,1,True,True,5,234,186.81326676701474,4.4274110618866647e-07,3.5889358817008665e-10,1.7523546509978705,3.7586208790769965e-08,dense,,,gradient
Python,expectile,dense,2000,1000,1001,CGLS,92.12845799993374,91.19133300009707,92.63808299965604,3,1,True,True,5,234,186.81326676701488,4.4274106501532474e-07,3.588935547942647e-10,1.7523546509978707,3.758620884539298e-08,dense,,,gradient
Python,expectile,dense,2000,1000,1001,Spectral-MM,65.53950000034092,65.46283399984532,65.60704200001055,3,1,True,False,28,112,186.81326676701477,1.4150465741123306e-05,1.1470611951593914e-08,1.7523546512278072,2.4169838684274162e-08,dense,,,stalled_step
Python,expectile,dense,2000,1000,1001,CRLS,85.57141599976603,85.25895800039507,87.00704200009568,3,1,True,True,5,218,186.81326676701457,4.285987797465586e-07,3.4742957407486526e-10,1.7523546508964507,3.802181121734602e-08,dense,,,gradient
Python,expectile,dense,2000,1000,1001,CG,91.45387500029756,90.81320799987225,92.05112500012547,3,1,True,True,5,234,186.81326676701477,4.427411028389084e-07,3.588935854547149e-10,1.7523546509978702,3.758620900708017e-08,dense,,,gradient
Python,expectile,sparse,2000,1000,1001,LSMR,6.233037111087469,6.222296333362465,6.237476777793442,3,9,True,True,5,130,188.59013345742673,5.103827593788746e-08,1.3204228058676118e-10,7.486782952157879,8.020797288401785e-08,sparse,,,gradient
Python,expectile,sparse,2000,1000,1001,LSQR,6.605552124995029,6.487161499990179,6.72908324997934,3,8,True,True,5,136,188.59013345742696,4.29843384444348e-08,1.1120575633517943e-10,7.486782953303413,8.136975986561331e-08,sparse,,,gradient
Python,expectile,sparse,2000,1000,1001,CGLS,6.440175888858196,6.352666666619673,6.47329166667987,3,9,True,True,5,136,188.59013345742696,4.2984330334625854e-08,1.1120573535410888e-10,7.486782953303413,8.136975988161801e-08,sparse,,,gradient
Python,expectile,sparse,2000,1000,1001,Spectral-MM,6.55258337496889,6.5036146249894955,6.568432249991929,3,8,True,True,25,72,188.59013345742812,3.839169486296242e-06,9.932402402200789e-09,7.486782692975041,9.378472859728455e-08,sparse,,,gradient
Python,expectile,sparse,2000,1000,1001,CRLS,6.045925888884085,6.037305555512123,6.111564777761992,3,9,True,True,5,130,188.59013345742667,5.103827214387013e-08,1.3204227077117293e-10,7.486782952157879,8.020797282648903e-08,sparse,,,gradient
Python,expectile,sparse,2000,1000,1001,CG,6.259148111136407,6.224819444469176,6.291027777782195,3,9,True,True,5,136,188.59013345742687,4.298430050301982e-08,1.112056581760847e-10,7.486782953303413,8.136975987850295e-08,sparse,,,gradient
Python,pseudo_huber,dense,2000,1000,1001,LSMR,185.66008299967507,184.67616699990685,186.16820899978848,3,1,True,True,9,470,786.2359289100154,5.7469742485474086e-06,3.785715501847544e-09,2.1764477329517278,3.036346998409877e-08,dense,,,gradient
Python,pseudo_huber,dense,2000,1000,1001,LSQR,199.96599999967657,197.9799999999159,201.26666599981036,3,1,True,True,9,510,786.2359289100131,5.603390993878092e-06,3.6911326257985087e-09,2.176447735343166,1.6277732178599454e-08,dense,,,gradient
Python,pseudo_huber,dense,2000,1000,1001,CGLS,197.53366600025402,196.52170800009117,199.69274999994013,3,1,True,True,9,510,786.2359289100139,5.602864562677531e-06,3.6907858487519393e-09,2.1764477353431677,1.6277719868980694e-08,dense,,,gradient
Python,pseudo_huber,dense,2000,1000,1001,Spectral-MM,70.13791700001093,69.97891700029868,70.75862500005314,3,1,True,True,30,128,786.235928910014,1.1460895871321736e-05,7.549658183363145e-09,2.176447727144456,1.5928718868524098e-08,dense,,,gradient
Python,pseudo_huber,dense,2000,1000,1001,CRLS,181.99295899967183,180.85124999970503,183.52679100007663,3,1,True,True,9,470,786.2359289100148,5.7469743614571715e-06,3.785715576224811e-09,2.1764477329517278,3.036346974191869e-08,dense,,,gradient
Python,pseudo_huber,dense,2000,1000,1001,CG,196.2210420001611,193.87316700021984,206.62429100002555,3,1,True,True,9,510,786.2359289100134,5.603389305023205e-06,3.691131513295851e-09,2.1764477353431664,1.6277732346485927e-08,dense,,,gradient
Python,pseudo_huber,sparse,2000,1000,1001,LSMR,15.284177000012278,15.020260500023142,23.317000000020016,3,4,True,True,10,303,794.5786870767283,1.9680952223181435e-06,4.0681589546376136e-09,10.53282075984735,1.1444475027110122e-07,sparse,,,gradient
Python,pseudo_huber,sparse,2000,1000,1001,LSQR,16.0524167499716,15.646229000026324,56.43680200000745,3,4,True,True,10,319,794.5786870767279,1.9557927015797535e-06,4.04272898085436e-09,10.532820766748245,1.1331538489837206e-07,sparse,,,gradient
Python,pseudo_huber,sparse,2000,1000,1001,CGLS,53.02179199998136,52.37383299981957,61.07141600023169,3,1,True,True,10,319,794.5786870767278,1.95579270481634e-06,4.042728987544559e-09,10.532820766748245,1.1331538493910484e-07,sparse,,,gradient
Python,pseudo_huber,sparse,2000,1000,1001,Spectral-MM,43.970603999923696,38.63974999990205,47.68927050008642,3,2,True,True,26,77,794.5786870767279,2.9826459526551125e-06,6.165290024186687e-09,10.53282067216431,6.942653692305651e-08,sparse,,,gradient
Python,pseudo_huber,sparse,2000,1000,1001,CRLS,64.29029099990657,55.89899999995396,92.69441700007519,3,1,True,True,10,303,794.5786870767279,1.968095174700072e-06,4.0681588562084915e-09,10.53282075984735,1.1444475028876605e-07,sparse,,,gradient
Python,pseudo_huber,sparse,2000,1000,1001,CG,60.068457999932434,58.274541000173485,66.14387499985241,3,1,True,True,10,319,794.5786870767276,1.9557926767646887e-06,4.042728929560283e-09,10.532820766748245,1.1331538493476905e-07,sparse,,,gradient
Python,student_t,dense,2000,1000,1001,LSMR,1823.9912080002796,1753.5670839997692,1894.9054169997908,3,1,True,True,25,926,785.1796320778301,1.2392502398627882e-05,6.197773956670196e-09,1.95102787882154,4.890218710985649e-07,dense,,,gradient
Python,student_t,dense,2000,1000,1001,LSQR,1889.2717500002618,1876.4387920000445,1941.8623749998005,3,1,True,True,24,976,785.1796320778301,1.7067745228721158e-05,8.53596985297839e-09,1.9510278820495035,4.686216752645727e-07,dense,,,gradient
Python,student_t,dense,2000,1000,1001,CGLS,1888.8986659999318,1887.7104999996845,1963.5471249998773,3,1,True,True,24,976,785.17963207783,1.7067745371784627e-05,8.535969924527705e-09,1.9510278820495035,4.6862167534506297e-07,dense,,,gradient
Python,student_t,dense,2000,1000,1001,Spectral-MM,375.82008399976985,363.4544169999572,461.9687919998796,3,1,True,False,43,118,785.1796320778463,0.00010562748180742829,5.282672012451807e-08,1.9510278527531077,2.6081938827740507e-07,dense,,,stalled_step
Python,student_t,dense,2000,1000,1001,CRLS,1787.3294159999205,1693.9969579998433,1939.811834000011,3,1,True,True,25,927,785.1796320778278,1.427158603340809e-05,7.137546670802205e-09,1.951027878486043,4.888128787873286e-07,dense,,,gradient
Python,student_t,dense,2000,1000,1001,CG,1945.1805829999103,1937.1355840003162,2000.9746669998094,3,1,True,True,24,976,785.1796320778299,1.7067745315964254e-05,8.535969896610659e-09,1.951027882049504,4.686216754629055e-07,dense,,,gradient
Python,student_t,sparse,2000,1000,1001,LSMR,102.78508400006103,78.92183299964017,109.80462499992427,3,1,True,True,25,550,788.2527918422985,4.156415398947193e-06,6.228692572436917e-09,9.539345927792343,1.2198986551967333e-07,sparse,,,gradient
Python,student_t,sparse,2000,1000,1001,LSQR,99.8779999999897,99.69583300016893,446.59337500024776,3,1,True,True,25,575,788.2527918423003,4.68396862010489e-06,7.019269671882378e-09,9.539345916326209,1.2719775674402597e-07,sparse,,,gradient
Python,student_t,sparse,2000,1000,1001,CGLS,104.71654100001615,103.65041699969879,132.28866700001163,3,1,True,True,25,575,788.2527918423006,4.6839686422435354e-06,7.019269705058758e-09,9.539345916326207,1.2719775675677628e-07,sparse,,,gradient
Python,student_t,sparse,2000,1000,1001,Spectral-MM,37.437020999959714,33.97152100001222,53.53837500001646,3,2,True,True,42,79,788.2527918423019,5.887511518979194e-06,8.822866761029534e-09,9.539345890748567,1.3164699414598943e-07,sparse,,,gradient
Python,student_t,sparse,2000,1000,1001,CRLS,98.0349159999605,91.68374999990192,102.0191660004457,3,1,True,True,25,550,788.2527918422985,4.156415386986369e-06,6.228692554512748e-09,9.539345927792343,1.21989865498831e-07,sparse,,,gradient
Python,student_t,sparse,2000,1000,1001,CG,91.93875000028129,88.871707999715,101.25570799982597,3,1,True,True,25,575,788.2527918423003,4.683968619059072e-06,7.019269670315143e-09,9.539345916326207,1.27197756816983e-07,sparse,,,gradient
