language,family,storage,method,median_ms,min_ms,max_ms,quality_pass,converged,termination,iterations,inner_iterations,loss,gradnorm,relgrad
Python,gaussian,dense,Spectral-MM,47.566041000000055,46.89504099999997,48.2308330000003,True,True,gradient,25,95,485.2107861076959,2.9456239340711692e-05,9.37570250226365e-09
Python,gaussian,dense,CG,31.84939600000014,31.661312499999816,32.226083500000115,True,True,gradient,2,88,485.2107861076957,2.306805579848329e-05,7.342391062571117e-09
Python,gaussian,dense,CGLS,32.24150000000003,32.11839599999999,32.47597900000021,True,True,gradient,2,88,485.2107861076957,2.3068055821985126e-05,7.342391070051578e-09
Python,gaussian,dense,CRLS,30.931916999999977,30.559062500000067,31.630708500000047,True,True,gradient,2,85,485.2107861076969,2.3195861307886108e-05,7.383070608267739e-09
Python,gaussian,dense,LSQR,32.63122949999997,32.41589600000005,33.59381249999993,True,True,gradient,2,88,485.2107861076958,2.3068055851025153e-05,7.342391079294803e-09
Python,gaussian,dense,LSMR,31.380458500000152,31.1747710000001,31.98481249999996,True,True,gradient,2,85,485.2107861076969,2.319586130674676e-05,7.383070607905093e-09
Python,gaussian,sparse,Spectral-MM,4.742030272727278,4.698473454545458,5.209787818181801,False,True,stalled_step,25,65,483.695498438498,2.5011867800958737e-06,1.1908138487106368e-08
Python,gaussian,sparse,CG,2.1636441249999936,2.1330434166666468,2.2342882083333424,True,True,gradient,2,50,483.6954984384976,1.4206057349985149e-06,6.763497217625388e-09
Python,gaussian,sparse,CGLS,2.1739492608695805,2.15563408695652,2.398610478260867,True,True,gradient,2,50,483.6954984384977,1.4206057295945935e-06,6.7634971918973444e-09
Python,gaussian,sparse,CRLS,2.207208319999978,2.0980283200000116,2.3696616399999826,True,True,gradient,2,50,483.695498438498,1.4310926103440398e-06,6.813425181784365e-09
Python,gaussian,sparse,LSQR,2.226454874999987,2.198815958333341,2.432875000000001,True,True,gradient,2,50,483.6954984384977,1.4206057294021383e-06,6.763497190981066e-09
Python,gaussian,sparse,LSMR,2.2458804347825914,2.2298224347826228,2.4768569130434894,True,True,gradient,2,50,483.695498438498,1.431092609914957e-06,6.813425179741503e-09
Python,bernoulli,dense,Spectral-MM,208.16766700000144,206.50395900000086,211.19095899999962,True,True,gradient,54,297,3.2097944339273406e-05,5.654571404503953e-06,6.212975641863551e-09
Python,bernoulli,dense,CG,623.2796249999985,619.9535409999992,625.5104580000009,True,True,gradient,11,1789,2.920079052093109e-06,4.806647294820992e-06,5.2813167303830225e-09
Python,bernoulli,dense,CGLS,624.7541660000006,621.4019159999999,627.1972089999985,True,True,gradient,11,1789,2.9238055072395854e-06,4.843408990750853e-06,5.321708743327434e-09
Python,bernoulli,dense,CRLS,612.3576250000013,607.4327499999991,613.2898339999997,True,True,gradient,11,1754,2.9615734809046486e-06,4.812095500958403e-06,5.287302961628882e-09
Python,bernoulli,dense,LSQR,627.6106249999991,622.5362500000014,632.2180419999981,True,True,gradient,11,1789,2.9200582135877203e-06,4.800814861988993e-06,5.274908329016095e-09
Python,bernoulli,dense,LSMR,612.7647079999984,608.8505410000007,615.5637919999997,True,True,gradient,11,1754,2.9613096555071575e-06,4.810379685053759e-06,5.285417704257655e-09
Python,bernoulli,sparse,Spectral-MM,52.7176659999995,52.0211659999994,53.29533300000122,True,True,gradient,86,546,1.3393524984491838e-05,5.152056167785199e-07,5.116592663031692e-09
Python,bernoulli,sparse,CG,103.20249999999831,101.0711250000007,112.31862500000034,True,True,gradient,16,2605,9.28943971107991e-07,2.611673479571818e-07,2.5936963667762447e-09
Python,bernoulli,sparse,CGLS,103.17862500000174,102.66637500000186,104.74162499999906,True,True,gradient,16,2605,9.150240799154901e-07,2.0169454000868358e-07,2.0030620202372923e-09
Python,bernoulli,sparse,CRLS,102.49687499999993,102.30008300000293,103.13570799999994,True,True,gradient,16,2591,9.066774868750226e-07,1.3478551599292295e-07,1.3385773752323018e-09
Python,bernoulli,sparse,LSQR,104.49495900000016,102.8745000000022,105.2501250000013,True,True,gradient,16,2605,9.358228200344242e-07,2.951185528302378e-07,2.9308714287267856e-09
Python,bernoulli,sparse,LSMR,104.6143339999972,103.73816699999949,109.13058400000253,True,True,gradient,16,2591,9.067403451537695e-07,1.3524775184586816e-07,1.3431679163614106e-09
Python,probit,dense,Spectral-MM,151.82995800000043,151.12074999999692,152.3120829999982,True,True,gradient,37,175,4.750401341227346e-06,1.0614916614565159e-05,6.6812119195369755e-09
Python,probit,dense,CG,630.7148749999953,626.4450420000003,634.821500000001,True,True,gradient,11,1783,2.1184933365759705e-08,4.4932617503497156e-07,2.8281365793155485e-10
Python,probit,dense,CGLS,632.1357079999998,628.5605830000022,633.9180829999975,True,True,gradient,11,1783,2.119581377341512e-08,4.468653447090979e-07,2.812647688067335e-10
Python,probit,dense,CRLS,617.6852909999936,612.3737920000067,618.1697499999998,True,True,gradient,11,1744,2.1247109185898956e-08,4.627625462340759e-07,2.9127074211510843e-10
Python,probit,dense,LSQR,631.8014590000018,627.4999999999977,633.3412080000045,True,True,gradient,11,1783,2.1181164824716758e-08,4.4874097979682977e-07,2.8244532593778634e-10
Python,probit,dense,LSMR,621.1157499999943,617.6764160000018,621.6530000000021,True,True,gradient,11,1744,2.1247779705094143e-08,4.6270689391806587e-07,2.912357135858626e-10
Python,probit,sparse,Spectral-MM,51.91012499999914,51.1288749999963,52.67462500000164,True,True,gradient,76,451,7.011135814854264e-06,1.4302679075178883e-06,9.066098970017201e-09
Python,probit,sparse,CG,89.26512499999717,88.59262499999687,89.99137499999676,True,True,gradient,14,2216,3.237595501057565e-07,1.2148250505178383e-06,7.700462326924664e-09
Python,probit,sparse,CGLS,89.62808400000455,89.12104099999851,90.20499999999743,True,True,gradient,14,2218,3.2527460125390984e-07,1.2531467215142675e-06,7.94337350470044e-09
Python,probit,sparse,CRLS,95.29745799999745,94.05391699999655,95.41820899999465,True,True,gradient,16,2347,6.578237303896913e-08,8.642909090135188e-07,5.478516911982584e-09
Python,probit,sparse,LSQR,91.54979099999849,90.9660410000015,92.17283300000645,True,True,gradient,14,2216,3.232669830579617e-07,1.20892818529057e-06,7.663083620821942e-09
Python,probit,sparse,LSMR,98.18045899999817,97.23295799999931,99.37120800000088,True,True,gradient,16,2351,6.147568212363241e-08,8.103852385083336e-07,5.136822785115633e-09
Python,poisson,dense,Spectral-MM,107.9632499999974,107.13041700000048,108.06616600000041,False,True,stalled_step,34,209,-2875.8390178765294,8.734270443354305e-05,1.04067282782471e-08
Python,poisson,dense,CG,146.5578330000028,145.6030410000011,146.72658300000307,True,True,gradient,6,405,-2875.8390178765317,4.435475476990372e-06,5.284790340902296e-10
Python,poisson,dense,CGLS,149.51254199999653,148.0872919999996,150.21958299999483,True,True,gradient,6,409,-2875.8390178765326,5.081030040866103e-06,6.053957150953237e-10
Python,poisson,dense,CRLS,135.44724999999858,134.37925000000206,137.88945799999652,True,True,gradient,6,372,-2875.839017876533,4.749773962942083e-06,5.659271410932892e-10
Python,poisson,dense,LSQR,149.28229200000231,148.20091699999693,152.84791699999545,True,True,gradient,6,407,-2875.8390178765335,5.103830968299815e-06,6.081124051478421e-10
Python,poisson,dense,LSMR,137.83041700000354,136.61533300000173,138.16916699999382,True,True,gradient,6,372,-2875.839017876527,4.750384122596826e-06,5.659998405336653e-10
Python,poisson,sparse,Spectral-MM,7.426553571428534,7.350601285714171,7.551511857142502,True,True,gradient,30,81,1040.7852900402477,1.6226023160174398e-06,5.853214609598858e-09
Python,poisson,sparse,CG,5.93176855555555,5.81557877777783,6.037379666666867,True,True,gradient,5,134,1040.7852900402477,2.7484344519161296e-06,9.91442975809694e-09
Python,poisson,sparse,CGLS,6.073532444444159,5.941851777777964,6.094768555556129,True,True,gradient,5,134,1040.7852900402486,2.748423231949433e-06,9.91438928430226e-09
Python,poisson,sparse,CRLS,5.780245333332977,5.736064777777648,5.8235045555553215,True,True,gradient,5,129,1040.785290040248,2.7371473059533576e-06,9.873713627596075e-09
Python,poisson,sparse,LSQR,6.179328125000438,6.150729125000254,6.2230521249997395,True,True,gradient,5,134,1040.7852900402493,2.7484223544291905e-06,9.914386118822799e-09
Python,poisson,sparse,LSMR,6.00651388888846,5.950893444444698,6.076370333333772,True,True,gradient,5,129,1040.7852900402465,2.7371504104664065e-06,9.873724826508435e-09
Python,gamma,dense,Spectral-MM,84.80141700000843,83.78045799999256,86.37629199999708,False,True,stalled_step,59,143,2636.0461504057953,9.038433846899303e-05,2.6788671696044077e-08
Python,gamma,dense,CG,699.3361669999985,696.6896250000048,700.2109999999959,True,True,gradient,45,1902,2636.0461504057894,2.530445730501514e-05,7.499892245415546e-09
Python,gamma,dense,CGLS,708.1632090000056,705.8033330000058,710.823542,True,True,gradient,45,1902,2636.0461504057894,2.530445766375557e-05,7.499892351741264e-09
Python,gamma,dense,CRLS,701.9355829999938,700.7251670000016,702.9476669999965,True,True,gradient,49,1896,2636.04615040579,1.8244474669892232e-05,5.407410735945172e-09
Python,gamma,dense,LSQR,710.8455000000049,709.4295420000024,716.7643749999968,True,True,gradient,45,1902,2636.0461504057894,2.5304457336784664e-05,7.499892254831596e-09
Python,gamma,dense,LSMR,713.9651250000014,712.1972079999991,715.9285829999931,True,True,gradient,49,1896,2636.04615040579,1.8244474640788085e-05,5.407410727319104e-09
Python,gamma,sparse,Spectral-MM,16.554958333330205,16.41793033333272,16.64181966666452,False,True,stalled_step,78,126,2681.7513235473984,5.412501796092558e-06,3.4269747804270354e-08
Python,gamma,sparse,CG,39.01647900000427,38.87612500000159,39.163604000002294,True,True,gradient,40,862,2681.7513235474,1.486976190395127e-06,9.414925104058899e-09
Python,gamma,sparse,CGLS,41.06464550000055,40.91458350000465,41.86947950000075,True,True,gradient,41,870,2681.751323547401,7.982386986689436e-07,5.054120981676595e-09
Python,gamma,sparse,CRLS,36.268082999995954,35.939312499998266,36.772603999999376,False,True,stalled_step,38,792,2681.7513235473984,2.6759788714533625e-06,1.69432038101987e-08
Python,gamma,sparse,LSQR,41.45237500000576,41.209374999994,41.694458499996756,True,True,gradient,40,862,2681.7513235474,1.4869761928814229e-06,9.414925119801107e-09
Python,gamma,sparse,LSMR,38.53929150000113,38.09064549999874,38.810270999995566,False,True,stalled_step,38,792,2681.7513235473975,2.675978872783085e-06,1.6943203818617957e-08
Python,negative_binomial,dense,Spectral-MM,78.63820800000099,78.03791599999954,79.08395799999823,False,True,stalled_step,39,145,18100.22248391693,0.00012320965494824822,2.3882850100581293e-08
Python,negative_binomial,dense,CG,488.14983300000847,487.46633399998984,496.05020799999977,True,True,gradient,28,1335,18100.222483916892,2.570322889875655e-05,4.982291064346981e-09
Python,negative_binomial,dense,CGLS,496.01629100000366,493.60599999999977,501.92987500000186,True,True,gradient,28,1335,18100.222483916892,2.570322970585502e-05,4.982291220794231e-09
Python,negative_binomial,dense,CRLS,439.40579100001287,438.1571250000036,439.8879579999999,True,True,gradient,28,1193,18100.222483916885,3.786975802999911e-05,7.340640266833347e-09
Python,negative_binomial,dense,LSQR,495.5372080000018,494.28762499999834,501.9162920000042,True,True,gradient,28,1335,18100.222483916892,2.5703228912009564e-05,4.982291066915933e-09
Python,negative_binomial,dense,LSMR,447.3448330000025,446.3050829999986,449.63120799999956,True,True,gradient,28,1193,18100.22248391688,3.7869758131880136e-05,7.3406402865818745e-09
Python,negative_binomial,sparse,Spectral-MM,9.000492999999684,8.970826500001769,9.130979166667904,False,True,stalled_step,34,85,17407.72100333165,3.734713888542216e-06,1.7157919601838467e-08
Python,negative_binomial,sparse,CG,18.14669466666885,17.99002766666528,18.415208333332583,True,True,gradient,17,405,17407.721003331677,1.34019840163118e-06,6.157102555097181e-09
Python,negative_binomial,sparse,CGLS,18.86601366666696,18.528027666666464,18.94386133333607,True,True,gradient,17,405,17407.721003331677,1.3401984091688155e-06,6.157102589726378e-09
Python,negative_binomial,sparse,CRLS,16.94341666666806,16.785264000001614,17.181014000001937,False,True,stalled_step,16,372,17407.721003331677,3.801566535871469e-06,1.74650521914498e-08
Python,negative_binomial,sparse,LSQR,19.328388999999408,19.099139000000303,19.608180666665476,True,True,gradient,17,405,17407.721003331673,1.3401984017656997e-06,6.1571025557151875e-09
Python,negative_binomial,sparse,LSMR,17.8706666666623,17.65022199999559,18.024541666666966,False,True,stalled_step,16,372,17407.721003331677,3.80156653199682e-06,1.7465052173648995e-08
Python,smooth_quantile,dense,Spectral-MM,236.37399999998365,234.43704100000673,237.23879199999942,False,True,stalled_step,40,566,365.31676238058975,2.0433357401892833e-05,2.7426220943297164e-08
Python,smooth_quantile,dense,CG,1713.0819999999858,1708.581541000001,1726.8786660000046,True,True,gradient,29,4876,365.3167623805878,6.189157019754169e-07,8.307258789532658e-10
Python,smooth_quantile,dense,CGLS,1171.3939580000101,1169.2229169999991,1174.0543750000115,True,True,gradient,20,3319,365.31676238058816,5.925630399321924e-07,7.953546025924577e-10
Python,smooth_quantile,dense,CRLS,1107.1954579999924,1100.8228749999773,1113.2782090000005,True,True,gradient,21,3141,365.3167623805876,5.861660090595979e-07,7.867683297327358e-10
Python,smooth_quantile,dense,LSQR,1173.2856660000266,1171.1651250000018,1181.0996249999876,True,True,gradient,20,3325,365.3167623805881,6.104058508250439e-07,8.193037199191816e-10
Python,smooth_quantile,dense,LSMR,1242.583124999996,1241.0541659999978,1247.0762910000133,True,True,gradient,23,3515,365.31676238058753,4.686306019508127e-06,6.290090354266855e-09
Python,smooth_quantile,sparse,Spectral-MM,20.67351366666041,20.403722333327323,20.724250000000666,True,True,gradient,43,355,375.28904243036914,2.4906622014076818e-06,9.24612520799888e-09
Python,smooth_quantile,sparse,CG,89.48958399997764,88.46912499998894,89.78704200001175,True,True,gradient,19,2252,375.289042430368,8.35007086477216e-07,3.0998101897443744e-09
Python,smooth_quantile,sparse,CGLS,89.8468749999779,88.98012500000618,90.06104200000209,True,True,gradient,19,2251,375.2890424303681,1.4288883465105064e-06,5.304485109469925e-09
Python,smooth_quantile,sparse,CRLS,79.44737500000087,78.8060840000071,80.07320799998752,True,True,gradient,19,1990,375.28904243036766,4.912934959050327e-07,1.8238367187834765e-09
Python,smooth_quantile,sparse,LSQR,91.830041999998,90.8767499999783,92.08429099999194,True,True,gradient,19,2250,375.28904243036845,1.259672769873297e-06,4.6763034123103954e-09
Python,smooth_quantile,sparse,LSMR,81.56833300000699,81.21704200002,82.4246250000158,True,True,gradient,19,1988,375.2890424303674,3.105102352963534e-07,1.1527121230219916e-09
Python,expectile,dense,Spectral-MM,61.54474999999593,61.33158399998706,62.81974999998852,False,True,stalled_step,28,112,186.81326676701482,1.4150465819970123e-05,1.1470612015508506e-08
Python,expectile,dense,CG,88.29174999999623,86.86458399998287,88.54066699998953,True,True,gradient,5,234,186.81326676701482,4.4274111645520215e-07,3.588935964923178e-10
Python,expectile,dense,CGLS,88.96645799998737,87.90445800002544,89.26600000000917,True,True,gradient,5,234,186.8132667670149,4.427410841688423e-07,3.588935703204368e-10
Python,expectile,dense,CRLS,81.9345000000169,81.18137499999989,82.64299999999025,True,True,gradient,5,218,186.81326676701454,4.285987880867251e-07,3.474295808355483e-10
Python,expectile,dense,LSQR,88.92545899999504,88.05591600000184,89.47637500000383,True,True,gradient,5,234,186.8132667670148,4.4274110048528744e-07,3.588935835468291e-10
Python,expectile,dense,LSMR,83.49029100000394,83.41091700000902,85.1430000000164,True,True,gradient,5,218,186.8132667670145,4.285987775869696e-07,3.4742957232426513e-10
Python,expectile,sparse,Spectral-MM,6.202015625000001,6.105124999997713,6.469781249997197,True,True,gradient,25,72,188.5901334574281,3.839169495895982e-06,9.932402427036493e-09
Python,expectile,sparse,CG,5.994083333332709,5.870356444442375,6.003879666666181,True,True,gradient,5,136,188.5901334574269,4.298431861322749e-08,1.1120570502941347e-10
Python,expectile,sparse,CGLS,6.052531249999049,5.989651000000151,6.306375000001196,True,True,gradient,5,136,188.59013345742693,4.298432565615084e-08,1.1120572325032012e-10
Python,expectile,sparse,CRLS,5.985435222224093,5.724759222223004,6.1823241111116864,True,True,gradient,5,130,188.5901334574267,5.1038274010930634e-08,1.3204227560148748e-10
Python,expectile,sparse,LSQR,6.207031249999773,6.169416624999258,6.429317749997665,True,True,gradient,5,136,188.5901334574269,4.2984312996384294e-08,1.1120569049795113e-10
Python,expectile,sparse,LSMR,6.083245333333783,5.945675888890871,6.245662000000923,True,True,gradient,5,130,188.59013345742667,5.103827445586858e-08,1.3204227675259651e-10
Python,pseudo_huber,dense,Spectral-MM,67.62966700000561,67.14095800001019,68.21258299999045,True,True,gradient,30,128,786.2359289100137,1.1460895770263575e-05,7.549658116792906e-09
Python,pseudo_huber,dense,CG,189.54629199998863,187.035791999989,189.70037500000103,True,True,gradient,9,510,786.2359289100133,5.603389261989978e-06,3.6911314849484895e-09
Python,pseudo_huber,dense,CGLS,189.89283400000545,188.82600000000593,192.82108300001255,True,True,gradient,9,510,786.2359289100139,5.60286446264513e-06,3.690785782857402e-09
Python,pseudo_huber,dense,CRLS,175.08308300000408,172.82154200000832,176.0290839999925,True,True,gradient,9,470,786.235928910015,5.746974416494595e-06,3.78571561247972e-09
Python,pseudo_huber,dense,LSQR,191.36083399999393,190.5424579999817,194.30074999999647,True,True,gradient,9,510,786.2359289100131,5.603390994173933e-06,3.6911326259933884e-09
Python,pseudo_huber,dense,LSMR,177.2703750000062,176.52966700001116,179.39816700001643,True,True,gradient,9,470,786.2359289100151,5.746974368025409e-06,3.785715580551518e-09
Python,pseudo_huber,sparse,Spectral-MM,7.733416714281865,7.664696428569024,7.758142857142047,True,True,gradient,26,77,794.5786870767279,2.9826459539108033e-06,6.165290026782268e-09
Python,pseudo_huber,sparse,CG,13.892333250005606,13.748249999999018,13.97622925000519,True,True,gradient,10,319,794.5786870767279,1.9557926897841937e-06,4.042728956472302e-09
Python,pseudo_huber,sparse,CGLS,14.305270750000432,14.257843749994947,14.400177000005954,True,True,gradient,10,319,794.5786870767278,1.9557926873539834e-06,4.042728951448926e-09
Python,pseudo_huber,sparse,CRLS,13.415760500002705,13.298906250000186,13.484260500000289,True,True,gradient,10,303,794.5786870767281,1.9680952212943683e-06,4.068158952521415e-09
Python,pseudo_huber,sparse,LSQR,14.682802250000293,14.57390624999988,14.773614500001031,True,True,gradient,10,319,794.578687076728,1.9557926906148556e-06,4.042728958189325e-09
Python,pseudo_huber,sparse,LSMR,14.017885249998585,13.999833500001557,14.218010249997803,True,True,gradient,10,303,794.5786870767282,1.96809522718805e-06,4.068158964703973e-09
Python,student_t,dense,Spectral-MM,75.80637499998488,75.27629099999444,76.40420900000322,False,True,stalled_step,43,118,785.1796320778461,0.0001056274818020856,5.282672012184607e-08
Python,student_t,dense,CG,369.69799999999964,367.5311249999993,371.1347079999996,True,True,gradient,24,976,785.1796320778301,1.7067745291247426e-05,8.535969884249209e-09
Python,student_t,dense,CGLS,374.3805000000009,373.4861660000206,376.32899999999836,True,True,gradient,24,976,785.17963207783,1.706774535712943e-05,8.535969917198304e-09
Python,student_t,dense,CRLS,353.21062500000266,350.12912499999516,355.4700409999896,True,True,gradient,25,927,785.1796320778275,1.4271586035164936e-05,7.137546671680843e-09
Python,student_t,dense,LSQR,374.11883299998294,373.1737499999781,377.17154200001346,True,True,gradient,24,976,785.1796320778301,1.7067745206296994e-05,8.535969841763553e-09
Python,student_t,dense,LSMR,359.54245799999285,357.37533299999313,360.0577499999815,True,True,gradient,25,926,785.1796320778301,1.239250237756868e-05,6.197773946138007e-09
Python,student_t,sparse,Spectral-MM,9.796599999998534,9.639491600000838,10.160400000000891,True,True,gradient,42,79,788.2527918423019,5.887511523609543e-06,8.822866767968451e-09
Python,student_t,sparse,CG,26.065083000005984,25.725687499999594,26.204728999999816,True,True,gradient,25,575,788.2527918423004,4.683968625198546e-06,7.019269679515593e-09
Python,student_t,sparse,CGLS,26.86891650000689,26.732458499992617,27.07697900000028,True,True,gradient,25,575,788.2527918423003,4.683968619179181e-06,7.019269670495134e-09
Python,student_t,sparse,CRLS,25.2989585000023,25.023937499994986,25.38214600001254,True,True,gradient,25,550,788.2527918422985,4.156415382712859e-06,6.228692548108581e-09
Python,student_t,sparse,LSQR,27.48900000000276,27.231583499997214,27.85599999999988,True,True,gradient,25,575,788.2527918423006,4.683968632925943e-06,7.019269691095663e-09
Python,student_t,sparse,LSMR,26.654917000001888,26.28691650001258,26.715479000003484,True,True,gradient,25,550,788.2527918422986,4.156415387968473e-06,6.2286925559845015e-09
