language,case,method,sample,batch,time_ms
Python,gaussian_dense_p1000,LSMR,1,2,31.98481249999996
Python,gaussian_dense_p1000,CRLS,1,2,31.630708500000047
Python,gaussian_dense_p1000,LSQR,1,2,32.45831249999998
Python,gaussian_dense_p1000,Spectral-MM,1,1,47.84795800000019
Python,gaussian_dense_p1000,CG,1,2,31.84939600000014
Python,gaussian_dense_p1000,CGLS,1,2,32.47597900000021
Python,gaussian_dense_p1000,LSQR,2,2,32.41589600000005
Python,gaussian_dense_p1000,Spectral-MM,2,1,47.29295899999997
Python,gaussian_dense_p1000,LSMR,2,2,31.85010399999988
Python,gaussian_dense_p1000,CG,2,2,32.226083500000115
Python,gaussian_dense_p1000,CRLS,2,2,30.635042000000112
Python,gaussian_dense_p1000,CGLS,2,2,32.24150000000003
Python,gaussian_dense_p1000,LSMR,3,2,31.1747710000001
Python,gaussian_dense_p1000,CG,3,2,31.795771000000084
Python,gaussian_dense_p1000,CGLS,3,2,32.11839599999999
Python,gaussian_dense_p1000,LSQR,3,2,32.908332999999956
Python,gaussian_dense_p1000,CRLS,3,2,31.25037499999994
Python,gaussian_dense_p1000,Spectral-MM,3,1,48.2308330000003
Python,gaussian_dense_p1000,CG,4,2,32.13712499999999
Python,gaussian_dense_p1000,CGLS,4,2,32.44379149999999
Python,gaussian_dense_p1000,LSQR,4,2,32.63122949999997
Python,gaussian_dense_p1000,Spectral-MM,4,1,47.566041000000055
Python,gaussian_dense_p1000,CRLS,4,2,30.559062500000067
Python,gaussian_dense_p1000,LSMR,4,2,31.380458500000152
Python,gaussian_dense_p1000,LSQR,5,2,33.59381249999993
Python,gaussian_dense_p1000,Spectral-MM,5,1,46.89504099999997
Python,gaussian_dense_p1000,CGLS,5,2,32.18531250000001
Python,gaussian_dense_p1000,CRLS,5,2,30.931916999999977
Python,gaussian_dense_p1000,LSMR,5,2,31.29412500000006
Python,gaussian_dense_p1000,CG,5,2,31.661312499999816
Python,gaussian_sparse_p1000,LSMR,1,23,2.2458804347825914
Python,gaussian_sparse_p1000,CRLS,1,25,2.207208319999978
Python,gaussian_sparse_p1000,LSQR,1,24,2.212947916666671
Python,gaussian_sparse_p1000,Spectral-MM,1,11,4.742030272727278
Python,gaussian_sparse_p1000,CG,1,24,2.1451024583333256
Python,gaussian_sparse_p1000,CGLS,1,23,2.1569203043478193
Python,gaussian_sparse_p1000,LSQR,2,24,2.198815958333341
Python,gaussian_sparse_p1000,Spectral-MM,2,11,4.698473454545458
Python,gaussian_sparse_p1000,LSMR,2,23,2.2298224347826228
Python,gaussian_sparse_p1000,CG,2,24,2.1636441249999936
Python,gaussian_sparse_p1000,CRLS,2,25,2.0980283200000116
Python,gaussian_sparse_p1000,CGLS,2,23,2.15563408695652
Python,gaussian_sparse_p1000,LSMR,3,23,2.24237499999999
Python,gaussian_sparse_p1000,CG,3,24,2.1720538333333352
Python,gaussian_sparse_p1000,CGLS,3,23,2.1982336956521626
Python,gaussian_sparse_p1000,LSQR,3,24,2.2368472499999883
Python,gaussian_sparse_p1000,CRLS,3,25,2.143063319999996
Python,gaussian_sparse_p1000,Spectral-MM,3,11,4.702768909090887
Python,gaussian_sparse_p1000,CG,4,24,2.1330434166666468
Python,gaussian_sparse_p1000,CGLS,4,23,2.1739492608695805
Python,gaussian_sparse_p1000,LSQR,4,24,2.226454874999987
Python,gaussian_sparse_p1000,Spectral-MM,4,11,4.830685636363635
Python,gaussian_sparse_p1000,CRLS,4,25,2.2148300000000276
Python,gaussian_sparse_p1000,LSMR,4,23,2.3500217391304252
Python,gaussian_sparse_p1000,LSQR,5,24,2.432875000000001
Python,gaussian_sparse_p1000,Spectral-MM,5,11,5.209787818181801
Python,gaussian_sparse_p1000,CGLS,5,23,2.398610478260867
Python,gaussian_sparse_p1000,CRLS,5,25,2.3696616399999826
Python,gaussian_sparse_p1000,LSMR,5,23,2.4768569130434894
Python,gaussian_sparse_p1000,CG,5,24,2.2342882083333424
Python,bernoulli_dense_p1000,LSMR,1,1,608.8505410000007
Python,bernoulli_dense_p1000,CRLS,1,1,609.1967910000004
Python,bernoulli_dense_p1000,LSQR,1,1,622.5362500000014
Python,bernoulli_dense_p1000,Spectral-MM,1,1,208.1634579999996
Python,bernoulli_dense_p1000,CG,1,1,619.9535409999992
Python,bernoulli_dense_p1000,CGLS,1,1,624.7541660000006
Python,bernoulli_dense_p1000,LSQR,2,1,623.7160839999998
Python,bernoulli_dense_p1000,Spectral-MM,2,1,206.50395900000086
Python,bernoulli_dense_p1000,LSMR,2,1,608.9441659999987
Python,bernoulli_dense_p1000,CG,2,1,621.1072499999997
Python,bernoulli_dense_p1000,CRLS,2,1,607.4327499999991
Python,bernoulli_dense_p1000,CGLS,2,1,621.4019159999999
Python,bernoulli_dense_p1000,LSMR,3,1,612.7647079999984
Python,bernoulli_dense_p1000,CG,3,1,623.2796249999985
Python,bernoulli_dense_p1000,CGLS,3,1,627.1972089999985
Python,bernoulli_dense_p1000,LSQR,3,1,627.6106249999991
Python,bernoulli_dense_p1000,CRLS,3,1,612.5226670000004
Python,bernoulli_dense_p1000,Spectral-MM,3,1,211.19095899999962
Python,bernoulli_dense_p1000,CG,4,1,625.5104580000009
Python,bernoulli_dense_p1000,CGLS,4,1,624.1395419999982
Python,bernoulli_dense_p1000,LSQR,4,1,628.142750000002
Python,bernoulli_dense_p1000,Spectral-MM,4,1,210.25162499999794
Python,bernoulli_dense_p1000,CRLS,4,1,613.2898339999997
Python,bernoulli_dense_p1000,LSMR,4,1,615.5637919999997
Python,bernoulli_dense_p1000,LSQR,5,1,632.2180419999981
Python,bernoulli_dense_p1000,Spectral-MM,5,1,208.16766700000144
Python,bernoulli_dense_p1000,CGLS,5,1,624.8440840000029
Python,bernoulli_dense_p1000,CRLS,5,1,612.3576250000013
Python,bernoulli_dense_p1000,LSMR,5,1,614.976249999998
Python,bernoulli_dense_p1000,CG,5,1,623.4150000000013
Python,bernoulli_sparse_p1000,LSMR,1,1,104.6143339999972
Python,bernoulli_sparse_p1000,CRLS,1,1,102.30008300000293
Python,bernoulli_sparse_p1000,LSQR,1,1,104.08670800000053
Python,bernoulli_sparse_p1000,Spectral-MM,1,1,53.29533300000122
Python,bernoulli_sparse_p1000,CG,1,1,112.31862500000034
Python,bernoulli_sparse_p1000,CGLS,1,1,103.17862500000174
Python,bernoulli_sparse_p1000,LSQR,2,1,102.8745000000022
Python,bernoulli_sparse_p1000,Spectral-MM,2,1,52.7176659999995
Python,bernoulli_sparse_p1000,LSMR,2,1,103.73816699999949
Python,bernoulli_sparse_p1000,CG,2,1,101.0711250000007
Python,bernoulli_sparse_p1000,CRLS,2,1,103.06770800000109
Python,bernoulli_sparse_p1000,CGLS,2,1,104.6935419999997
Python,bernoulli_sparse_p1000,LSMR,3,1,109.13058400000253
Python,bernoulli_sparse_p1000,CG,3,1,107.1404170000001
Python,bernoulli_sparse_p1000,CGLS,3,1,104.74162499999906
Python,bernoulli_sparse_p1000,LSQR,3,1,105.2501250000013
Python,bernoulli_sparse_p1000,CRLS,3,1,102.49687499999993
Python,bernoulli_sparse_p1000,Spectral-MM,3,1,53.05020900000201
Python,bernoulli_sparse_p1000,CG,4,1,101.86704199999852
Python,bernoulli_sparse_p1000,CGLS,4,1,103.06337499999785
Python,bernoulli_sparse_p1000,LSQR,4,1,104.49495900000016
Python,bernoulli_sparse_p1000,Spectral-MM,4,1,52.6445829999993
Python,bernoulli_sparse_p1000,CRLS,4,1,102.30424999999954
Python,bernoulli_sparse_p1000,LSMR,4,1,104.74891699999844
Python,bernoulli_sparse_p1000,LSQR,5,1,104.752916999999
Python,bernoulli_sparse_p1000,Spectral-MM,5,1,52.0211659999994
Python,bernoulli_sparse_p1000,CGLS,5,1,102.66637500000186
Python,bernoulli_sparse_p1000,CRLS,5,1,103.13570799999994
Python,bernoulli_sparse_p1000,LSMR,5,1,104.28250000000006
Python,bernoulli_sparse_p1000,CG,5,1,103.20249999999831
Python,probit_dense_p1000,LSMR,1,1,621.1157499999943
Python,probit_dense_p1000,CRLS,1,1,612.3737920000067
Python,probit_dense_p1000,LSQR,1,1,627.4999999999977
Python,probit_dense_p1000,Spectral-MM,1,1,151.3982919999961
Python,probit_dense_p1000,CG,1,1,626.4450420000003
Python,probit_dense_p1000,CGLS,1,1,628.5605830000022
Python,probit_dense_p1000,LSQR,2,1,629.3452500000001
Python,probit_dense_p1000,Spectral-MM,2,1,151.12074999999692
Python,probit_dense_p1000,LSMR,2,1,619.3580829999945
Python,probit_dense_p1000,CG,2,1,634.821500000001
Python,probit_dense_p1000,CRLS,2,1,616.5757910000025
Python,probit_dense_p1000,CGLS,2,1,632.2364170000014
Python,probit_dense_p1000,LSMR,3,1,617.6764160000018
Python,probit_dense_p1000,CG,3,1,629.0522920000044
Python,probit_dense_p1000,CGLS,3,1,630.4397500000007
Python,probit_dense_p1000,LSQR,3,1,633.3412080000045
Python,probit_dense_p1000,CRLS,3,1,617.6852909999936
Python,probit_dense_p1000,Spectral-MM,3,1,152.04691699999984
Python,probit_dense_p1000,CG,4,1,631.9280829999982
Python,probit_dense_p1000,CGLS,4,1,633.9180829999975
Python,probit_dense_p1000,LSQR,4,1,633.1120409999969
Python,probit_dense_p1000,Spectral-MM,4,1,151.82995800000043
Python,probit_dense_p1000,CRLS,4,1,617.9641669999967
Python,probit_dense_p1000,LSMR,4,1,621.6530000000021
Python,probit_dense_p1000,LSQR,5,1,631.8014590000018
Python,probit_dense_p1000,Spectral-MM,5,1,152.3120829999982
Python,probit_dense_p1000,CGLS,5,1,632.1357079999998
Python,probit_dense_p1000,CRLS,5,1,618.1697499999998
Python,probit_dense_p1000,LSMR,5,1,621.4091669999959
Python,probit_dense_p1000,CG,5,1,630.7148749999953
Python,probit_sparse_p1000,LSMR,1,1,98.18045899999817
Python,probit_sparse_p1000,CRLS,1,1,95.23187500000319
Python,probit_sparse_p1000,LSQR,1,1,91.1878750000028
Python,probit_sparse_p1000,Spectral-MM,1,1,51.1288749999963
Python,probit_sparse_p1000,CG,1,1,88.59262499999687
Python,probit_sparse_p1000,CGLS,1,1,89.12104099999851
Python,probit_sparse_p1000,LSQR,2,1,91.54979099999849
Python,probit_sparse_p1000,Spectral-MM,2,1,51.91012499999914
Python,probit_sparse_p1000,LSMR,2,1,99.37120800000088
Python,probit_sparse_p1000,CG,2,1,89.10691700000228
Python,probit_sparse_p1000,CRLS,2,1,94.05391699999655
Python,probit_sparse_p1000,CGLS,2,1,89.65225000000032
Python,probit_sparse_p1000,LSMR,3,1,98.43104200000141
Python,probit_sparse_p1000,CG,3,1,89.99137499999676
Python,probit_sparse_p1000,CGLS,3,1,89.35712499999937
Python,probit_sparse_p1000,LSQR,3,1,91.60287499999953
Python,probit_sparse_p1000,CRLS,3,1,95.41820899999465
Python,probit_sparse_p1000,Spectral-MM,3,1,52.3724159999972
Python,probit_sparse_p1000,CG,4,1,89.32279100000073
Python,probit_sparse_p1000,CGLS,4,1,89.62808400000455
Python,probit_sparse_p1000,LSQR,4,1,92.17283300000645
Python,probit_sparse_p1000,Spectral-MM,4,1,51.50349999999548
Python,probit_sparse_p1000,CRLS,4,1,95.31795899999906
Python,probit_sparse_p1000,LSMR,4,1,98.05575000000033
Python,probit_sparse_p1000,LSQR,5,1,90.9660410000015
Python,probit_sparse_p1000,Spectral-MM,5,1,52.67462500000164
Python,probit_sparse_p1000,CGLS,5,1,90.20499999999743
Python,probit_sparse_p1000,CRLS,5,1,95.29745799999745
Python,probit_sparse_p1000,LSMR,5,1,97.23295799999931
Python,probit_sparse_p1000,CG,5,1,89.26512499999717
Python,poisson_dense_p1000,LSMR,1,1,138.16916699999382
Python,poisson_dense_p1000,CRLS,1,1,137.88945799999652
Python,poisson_dense_p1000,LSQR,1,1,152.84791699999545
Python,poisson_dense_p1000,Spectral-MM,1,1,107.8932499999965
Python,poisson_dense_p1000,CG,1,1,146.5578330000028
Python,poisson_dense_p1000,CGLS,1,1,149.51254199999653
Python,poisson_dense_p1000,LSQR,2,1,148.61929199999935
Python,poisson_dense_p1000,Spectral-MM,2,1,108.06616600000041
Python,poisson_dense_p1000,LSMR,2,1,138.14666599999725
Python,poisson_dense_p1000,CG,2,1,146.02345800000194
Python,poisson_dense_p1000,CRLS,2,1,134.37925000000206
Python,poisson_dense_p1000,CGLS,2,1,148.9624999999961
Python,poisson_dense_p1000,LSMR,3,1,137.83041700000354
Python,poisson_dense_p1000,CG,3,1,145.6030410000011
Python,poisson_dense_p1000,CGLS,3,1,148.0872919999996
Python,poisson_dense_p1000,LSQR,3,1,149.55637499999597
Python,poisson_dense_p1000,CRLS,3,1,135.44724999999858
Python,poisson_dense_p1000,Spectral-MM,3,1,108.04829199999944
Python,poisson_dense_p1000,CG,4,1,146.72658300000307
Python,poisson_dense_p1000,CGLS,4,1,150.21958299999483
Python,poisson_dense_p1000,LSQR,4,1,148.20091699999693
Python,poisson_dense_p1000,Spectral-MM,4,1,107.13041700000048
Python,poisson_dense_p1000,CRLS,4,1,135.48229199999895
Python,poisson_dense_p1000,LSMR,4,1,137.7381249999985
Python,poisson_dense_p1000,LSQR,5,1,149.28229200000231
Python,poisson_dense_p1000,Spectral-MM,5,1,107.9632499999974
Python,poisson_dense_p1000,CGLS,5,1,149.99724999999842
Python,poisson_dense_p1000,CRLS,5,1,134.99325000000084
Python,poisson_dense_p1000,LSMR,5,1,136.61533300000173
Python,poisson_dense_p1000,CG,5,1,146.56504099999523
Python,poisson_sparse_p1000,LSMR,1,9,6.06361566666654
Python,poisson_sparse_p1000,CRLS,1,9,5.8235045555553215
Python,poisson_sparse_p1000,LSQR,1,8,6.211348999999977
Python,poisson_sparse_p1000,Spectral-MM,1,7,7.350601285714171
Python,poisson_sparse_p1000,CG,1,9,5.830074111111275
Python,poisson_sparse_p1000,CGLS,1,9,6.030212888888621
Python,poisson_sparse_p1000,LSQR,2,8,6.179328125000438
Python,poisson_sparse_p1000,Spectral-MM,2,7,7.426553571428534
Python,poisson_sparse_p1000,LSMR,2,9,6.076370333333772
Python,poisson_sparse_p1000,CG,2,9,5.95077777777754
Python,poisson_sparse_p1000,CRLS,2,9,5.780245333332977
Python,poisson_sparse_p1000,CGLS,2,9,6.073532444444159
Python,poisson_sparse_p1000,LSMR,3,9,6.00651388888846
Python,poisson_sparse_p1000,CG,3,9,5.81557877777783
Python,poisson_sparse_p1000,CGLS,3,9,5.941851777777964
Python,poisson_sparse_p1000,LSQR,3,8,6.150729125000254
Python,poisson_sparse_p1000,CRLS,3,9,5.736064777777648
Python,poisson_sparse_p1000,Spectral-MM,3,7,7.551511857142502
Python,poisson_sparse_p1000,CG,4,9,6.037379666666867
Python,poisson_sparse_p1000,CGLS,4,9,6.094768555556129
Python,poisson_sparse_p1000,LSQR,4,8,6.2230521249997395
Python,poisson_sparse_p1000,Spectral-MM,4,7,7.506000000000362
Python,poisson_sparse_p1000,CRLS,4,9,5.8031944444449675
Python,poisson_sparse_p1000,LSMR,4,9,5.993972222222668
Python,poisson_sparse_p1000,LSQR,5,8,6.153906249999785
Python,poisson_sparse_p1000,Spectral-MM,5,7,7.373940428570742
Python,poisson_sparse_p1000,CGLS,5,9,6.0886481111113415
Python,poisson_sparse_p1000,CRLS,5,9,5.766838000000342
Python,poisson_sparse_p1000,LSMR,5,9,5.950893444444698
Python,poisson_sparse_p1000,CG,5,9,5.93176855555555
Python,gamma_dense_p1000,LSMR,1,1,712.1972079999991
Python,gamma_dense_p1000,CRLS,1,1,702.9476669999965
Python,gamma_dense_p1000,LSQR,1,1,709.4295420000024
Python,gamma_dense_p1000,Spectral-MM,1,1,84.40670900000669
Python,gamma_dense_p1000,CG,1,1,700.2109999999959
Python,gamma_dense_p1000,CGLS,1,1,706.7796670000064
Python,gamma_dense_p1000,LSQR,2,1,710.1355000000069
Python,gamma_dense_p1000,Spectral-MM,2,1,84.80141700000843
Python,gamma_dense_p1000,LSMR,2,1,715.9285829999931
Python,gamma_dense_p1000,CG,2,1,699.0023330000099
Python,gamma_dense_p1000,CRLS,2,1,702.0730829999877
Python,gamma_dense_p1000,CGLS,2,1,708.1632090000056
Python,gamma_dense_p1000,LSMR,3,1,713.9651250000014
Python,gamma_dense_p1000,CG,3,1,696.6896250000048
Python,gamma_dense_p1000,CGLS,3,1,709.1872499999994
Python,gamma_dense_p1000,LSQR,3,1,710.8455000000049
Python,gamma_dense_p1000,CRLS,3,1,700.7251670000016
Python,gamma_dense_p1000,Spectral-MM,3,1,84.82275000000072
Python,gamma_dense_p1000,CG,4,1,699.4318750000019
Python,gamma_dense_p1000,CGLS,4,1,705.8033330000058
Python,gamma_dense_p1000,LSQR,4,1,711.8571250000088
Python,gamma_dense_p1000,Spectral-MM,4,1,83.78045799999256
Python,gamma_dense_p1000,CRLS,4,1,701.2015829999996
Python,gamma_dense_p1000,LSMR,4,1,714.626165999988
Python,gamma_dense_p1000,LSQR,5,1,716.7643749999968
Python,gamma_dense_p1000,Spectral-MM,5,1,86.37629199999708
Python,gamma_dense_p1000,CGLS,5,1,710.823542
Python,gamma_dense_p1000,CRLS,5,1,701.9355829999938
Python,gamma_dense_p1000,LSMR,5,1,713.5992080000051
Python,gamma_dense_p1000,CG,5,1,699.3361669999985
Python,gamma_sparse_p1000,LSMR,1,2,38.614687500000855
Python,gamma_sparse_p1000,CRLS,1,2,36.49920850000399
Python,gamma_sparse_p1000,LSQR,1,2,41.45237500000576
Python,gamma_sparse_p1000,Spectral-MM,1,3,16.50365266666635
Python,gamma_sparse_p1000,CG,1,2,39.01647900000427
Python,gamma_sparse_p1000,CGLS,1,2,41.04362500000036
Python,gamma_sparse_p1000,LSQR,2,2,41.694458499996756
Python,gamma_sparse_p1000,Spectral-MM,2,3,16.554958333330205
Python,gamma_sparse_p1000,LSMR,2,2,38.53929150000113
Python,gamma_sparse_p1000,CG,2,2,39.103416499997934
Python,gamma_sparse_p1000,CRLS,2,2,36.268082999995954
Python,gamma_sparse_p1000,CGLS,2,2,40.91458350000465
Python,gamma_sparse_p1000,LSMR,3,2,38.352770999999564
Python,gamma_sparse_p1000,CG,3,2,39.163604000002294
Python,gamma_sparse_p1000,CGLS,3,2,41.22666650000184
Python,gamma_sparse_p1000,LSQR,3,2,41.39308350000448
Python,gamma_sparse_p1000,CRLS,3,2,35.939312499998266
Python,gamma_sparse_p1000,Spectral-MM,3,3,16.41793033333272
Python,gamma_sparse_p1000,CG,4,2,38.98245799999955
Python,gamma_sparse_p1000,CGLS,4,2,41.06464550000055
Python,gamma_sparse_p1000,LSQR,4,2,41.209374999994
Python,gamma_sparse_p1000,Spectral-MM,4,3,16.64181966666452
Python,gamma_sparse_p1000,CRLS,4,2,35.97591649999998
Python,gamma_sparse_p1000,LSMR,4,2,38.09064549999874
Python,gamma_sparse_p1000,LSQR,5,2,41.59700000000299
Python,gamma_sparse_p1000,Spectral-MM,5,3,16.564527666664237
Python,gamma_sparse_p1000,CGLS,5,2,41.86947950000075
Python,gamma_sparse_p1000,CRLS,5,2,36.772603999999376
Python,gamma_sparse_p1000,LSMR,5,2,38.810270999995566
Python,gamma_sparse_p1000,CG,5,2,38.87612500000159
Python,negative_binomial_dense_p1000,LSMR,1,1,447.3448330000025
Python,negative_binomial_dense_p1000,CRLS,1,1,439.8879579999999
Python,negative_binomial_dense_p1000,LSQR,1,1,501.9162920000042
Python,negative_binomial_dense_p1000,Spectral-MM,1,1,79.08395799999823
Python,negative_binomial_dense_p1000,CG,1,1,495.805500000003
Python,negative_binomial_dense_p1000,CGLS,1,1,501.92987500000186
Python,negative_binomial_dense_p1000,LSQR,2,1,498.3741670000086
Python,negative_binomial_dense_p1000,Spectral-MM,2,1,78.03791599999954
Python,negative_binomial_dense_p1000,LSMR,2,1,449.63120799999956
Python,negative_binomial_dense_p1000,CG,2,1,487.75316700000815
Python,negative_binomial_dense_p1000,CRLS,2,1,438.1571250000036
Python,negative_binomial_dense_p1000,CGLS,2,1,493.60599999999977
Python,negative_binomial_dense_p1000,LSMR,3,1,447.5636670000114
Python,negative_binomial_dense_p1000,CG,3,1,487.46633399998984
Python,negative_binomial_dense_p1000,CGLS,3,1,496.01629100000366
Python,negative_binomial_dense_p1000,LSQR,3,1,495.5372080000018
Python,negative_binomial_dense_p1000,CRLS,3,1,439.72062499999254
Python,negative_binomial_dense_p1000,Spectral-MM,3,1,78.63820800000099
Python,negative_binomial_dense_p1000,CG,4,1,488.14983300000847
Python,negative_binomial_dense_p1000,CGLS,4,1,497.30779200000086
Python,negative_binomial_dense_p1000,LSQR,4,1,494.93066700000554
Python,negative_binomial_dense_p1000,Spectral-MM,4,1,78.7451669999939
Python,negative_binomial_dense_p1000,CRLS,4,1,439.2306670000039
Python,negative_binomial_dense_p1000,LSMR,4,1,446.3050829999986
Python,negative_binomial_dense_p1000,LSQR,5,1,494.28762499999834
Python,negative_binomial_dense_p1000,Spectral-MM,5,1,78.31312499999399
Python,negative_binomial_dense_p1000,CGLS,5,1,493.9175829999982
Python,negative_binomial_dense_p1000,CRLS,5,1,439.40579100001287
Python,negative_binomial_dense_p1000,LSMR,5,1,446.9991660000119
Python,negative_binomial_dense_p1000,CG,5,1,496.05020799999977
Python,negative_binomial_sparse_p1000,LSMR,1,3,17.811514000001694
Python,negative_binomial_sparse_p1000,CRLS,1,3,16.91411099999603
Python,negative_binomial_sparse_p1000,LSQR,1,3,19.099139000000303
Python,negative_binomial_sparse_p1000,Spectral-MM,1,6,8.970826500001769
Python,negative_binomial_sparse_p1000,CG,1,3,18.139305666664995
Python,negative_binomial_sparse_p1000,CGLS,1,3,18.906944333333325
Python,negative_binomial_sparse_p1000,LSQR,2,3,19.328388999999408
Python,negative_binomial_sparse_p1000,Spectral-MM,2,6,9.130979166667904
Python,negative_binomial_sparse_p1000,LSMR,2,3,18.024541666666966
Python,negative_binomial_sparse_p1000,CG,2,3,18.350222333329686
Python,negative_binomial_sparse_p1000,CRLS,2,3,17.181014000001937
Python,negative_binomial_sparse_p1000,CGLS,2,3,18.94386133333607
Python,negative_binomial_sparse_p1000,LSMR,3,3,17.870861000001053
Python,negative_binomial_sparse_p1000,CG,3,3,18.14669466666885
Python,negative_binomial_sparse_p1000,CGLS,3,3,18.651944666667458
Python,negative_binomial_sparse_p1000,LSQR,3,3,19.539569666666996
Python,negative_binomial_sparse_p1000,CRLS,3,3,16.986666666667816
Python,negative_binomial_sparse_p1000,Spectral-MM,3,6,9.073048499999459
Python,negative_binomial_sparse_p1000,CG,4,3,18.415208333332583
Python,negative_binomial_sparse_p1000,CGLS,4,3,18.86601366666696
Python,negative_binomial_sparse_p1000,LSQR,4,3,19.608180666665476
Python,negative_binomial_sparse_p1000,Spectral-MM,4,6,8.998090166665898
Python,negative_binomial_sparse_p1000,CRLS,4,3,16.785264000001614
Python,negative_binomial_sparse_p1000,LSMR,4,3,17.65022199999559
Python,negative_binomial_sparse_p1000,LSQR,5,3,19.171152999997314
Python,negative_binomial_sparse_p1000,Spectral-MM,5,6,9.000492999999684
Python,negative_binomial_sparse_p1000,CGLS,5,3,18.528027666666464
Python,negative_binomial_sparse_p1000,CRLS,5,3,16.94341666666806
Python,negative_binomial_sparse_p1000,LSMR,5,3,17.8706666666623
Python,negative_binomial_sparse_p1000,CG,5,3,17.99002766666528
Python,smooth_quantile_dense_p1000,LSMR,1,1,1244.289749999993
Python,smooth_quantile_dense_p1000,CRLS,1,1,1108.3888750000028
Python,smooth_quantile_dense_p1000,LSQR,1,1,1171.1651250000018
Python,smooth_quantile_dense_p1000,Spectral-MM,1,1,237.01120900000205
Python,smooth_quantile_dense_p1000,CG,1,1,1711.1000830000053
Python,smooth_quantile_dense_p1000,CGLS,1,1,1169.2229169999991
Python,smooth_quantile_dense_p1000,LSQR,2,1,1181.0996249999876
Python,smooth_quantile_dense_p1000,Spectral-MM,2,1,234.43704100000673
Python,smooth_quantile_dense_p1000,LSMR,2,1,1241.0541659999978
Python,smooth_quantile_dense_p1000,CG,2,1,1708.581541000001
Python,smooth_quantile_dense_p1000,CRLS,2,1,1113.2782090000005
Python,smooth_quantile_dense_p1000,CGLS,2,1,1171.3939580000101
Python,smooth_quantile_dense_p1000,LSMR,3,1,1242.583124999996
Python,smooth_quantile_dense_p1000,CG,3,1,1713.3410840000067
Python,smooth_quantile_dense_p1000,CGLS,3,1,1173.6146659999918
Python,smooth_quantile_dense_p1000,LSQR,3,1,1173.099250000007
Python,smooth_quantile_dense_p1000,CRLS,3,1,1107.1954579999924
Python,smooth_quantile_dense_p1000,Spectral-MM,3,1,235.0914999999958
Python,smooth_quantile_dense_p1000,CG,4,1,1726.8786660000046
Python,smooth_quantile_dense_p1000,CGLS,4,1,1174.0543750000115
Python,smooth_quantile_dense_p1000,LSQR,4,1,1173.2856660000266
Python,smooth_quantile_dense_p1000,Spectral-MM,4,1,236.37399999998365
Python,smooth_quantile_dense_p1000,CRLS,4,1,1106.2249580000127
Python,smooth_quantile_dense_p1000,LSMR,4,1,1241.2035419999938
Python,smooth_quantile_dense_p1000,LSQR,5,1,1175.5515000000116
Python,smooth_quantile_dense_p1000,Spectral-MM,5,1,237.23879199999942
Python,smooth_quantile_dense_p1000,CGLS,5,1,1169.8082080000063
Python,smooth_quantile_dense_p1000,CRLS,5,1,1100.8228749999773
Python,smooth_quantile_dense_p1000,LSMR,5,1,1247.0762910000133
Python,smooth_quantile_dense_p1000,CG,5,1,1713.0819999999858
Python,smooth_quantile_sparse_p1000,LSMR,1,1,81.21704200002
Python,smooth_quantile_sparse_p1000,CRLS,1,1,78.8060840000071
Python,smooth_quantile_sparse_p1000,LSQR,1,1,90.8767499999783
Python,smooth_quantile_sparse_p1000,Spectral-MM,1,3,20.403722333327323
Python,smooth_quantile_sparse_p1000,CG,1,1,89.23491699999886
Python,smooth_quantile_sparse_p1000,CGLS,1,1,89.8468749999779
Python,smooth_quantile_sparse_p1000,LSQR,2,1,91.830041999998
Python,smooth_quantile_sparse_p1000,Spectral-MM,2,3,20.696194666660023
Python,smooth_quantile_sparse_p1000,LSMR,2,1,81.78520799998523
Python,smooth_quantile_sparse_p1000,CG,2,1,89.66716699998756
Python,smooth_quantile_sparse_p1000,CRLS,2,1,80.07320799998752
Python,smooth_quantile_sparse_p1000,CGLS,2,1,90.03008299998783
Python,smooth_quantile_sparse_p1000,LSMR,3,1,82.4246250000158
Python,smooth_quantile_sparse_p1000,CG,3,1,88.46912499998894
Python,smooth_quantile_sparse_p1000,CGLS,3,1,89.44579199999225
Python,smooth_quantile_sparse_p1000,LSQR,3,1,92.01916700001789
Python,smooth_quantile_sparse_p1000,CRLS,3,1,79.44737500000087
Python,smooth_quantile_sparse_p1000,Spectral-MM,3,3,20.67351366666041
Python,smooth_quantile_sparse_p1000,CG,4,1,89.78704200001175
Python,smooth_quantile_sparse_p1000,CGLS,4,1,88.98012500000618
Python,smooth_quantile_sparse_p1000,LSQR,4,1,91.44170900000859
Python,smooth_quantile_sparse_p1000,Spectral-MM,4,3,20.655027666672748
Python,smooth_quantile_sparse_p1000,CRLS,4,1,78.92549999999687
Python,smooth_quantile_sparse_p1000,LSMR,4,1,81.43499999999904
Python,smooth_quantile_sparse_p1000,LSQR,5,1,92.08429099999194
Python,smooth_quantile_sparse_p1000,Spectral-MM,5,3,20.724250000000666
Python,smooth_quantile_sparse_p1000,CGLS,5,1,90.06104200000209
Python,smooth_quantile_sparse_p1000,CRLS,5,1,80.0665419999973
Python,smooth_quantile_sparse_p1000,LSMR,5,1,81.56833300000699
Python,smooth_quantile_sparse_p1000,CG,5,1,89.48958399997764
Python,expectile_dense_p1000,LSMR,1,1,83.4901249999973
Python,expectile_dense_p1000,CRLS,1,1,81.18137499999989
Python,expectile_dense_p1000,LSQR,1,1,88.05591600000184
Python,expectile_dense_p1000,Spectral-MM,1,1,61.54474999999593
Python,expectile_dense_p1000,CG,1,1,86.86458399998287
Python,expectile_dense_p1000,CGLS,1,1,88.96645799998737
Python,expectile_dense_p1000,LSQR,2,1,89.47637500000383
Python,expectile_dense_p1000,Spectral-MM,2,1,61.33158399998706
Python,expectile_dense_p1000,LSMR,2,1,85.1430000000164
Python,expectile_dense_p1000,CG,2,1,88.23654200000419
Python,expectile_dense_p1000,CRLS,2,1,81.9345000000169
Python,expectile_dense_p1000,CGLS,2,1,89.15724999999952
Python,expectile_dense_p1000,LSMR,3,1,83.49029100000394
Python,expectile_dense_p1000,CG,3,1,88.39741599999229
Python,expectile_dense_p1000,CGLS,3,1,87.90445800002544
Python,expectile_dense_p1000,LSQR,3,1,88.92545899999504
Python,expectile_dense_p1000,CRLS,3,1,82.64299999999025
Python,expectile_dense_p1000,Spectral-MM,3,1,62.266708000009885
Python,expectile_dense_p1000,CG,4,1,88.29174999999623
Python,expectile_dense_p1000,CGLS,4,1,88.82208299999661
Python,expectile_dense_p1000,LSQR,4,1,88.08320800000047
Python,expectile_dense_p1000,Spectral-MM,4,1,61.406750000003285
Python,expectile_dense_p1000,CRLS,4,1,81.20291599999518
Python,expectile_dense_p1000,LSMR,4,1,83.41091700000902
Python,expectile_dense_p1000,LSQR,5,1,89.45683300001406
Python,expectile_dense_p1000,Spectral-MM,5,1,62.81974999998852
Python,expectile_dense_p1000,CGLS,5,1,89.26600000000917
Python,expectile_dense_p1000,CRLS,5,1,81.98766700002125
Python,expectile_dense_p1000,LSMR,5,1,83.72270800001047
Python,expectile_dense_p1000,CG,5,1,88.54066699998953
Python,expectile_sparse_p1000,LSMR,1,9,6.083245333333783
Python,expectile_sparse_p1000,CRLS,1,9,6.1823241111116864
Python,expectile_sparse_p1000,LSQR,1,8,6.233802000000566
Python,expectile_sparse_p1000,Spectral-MM,1,8,6.105124999997713
Python,expectile_sparse_p1000,CG,1,9,5.923361111112197
Python,expectile_sparse_p1000,CGLS,1,8,6.052531249999049
Python,expectile_sparse_p1000,LSQR,2,8,6.193984374998962
Python,expectile_sparse_p1000,Spectral-MM,2,8,6.1371874999984755
Python,expectile_sparse_p1000,LSMR,2,9,5.967856444442532
Python,expectile_sparse_p1000,CG,2,9,5.994083333332709
Python,expectile_sparse_p1000,CRLS,2,9,5.724759222223004
Python,expectile_sparse_p1000,CGLS,2,8,5.989651000000151
Python,expectile_sparse_p1000,LSMR,3,9,5.945675888890871
Python,expectile_sparse_p1000,CG,3,9,5.870356444442375
Python,expectile_sparse_p1000,CGLS,3,8,6.036114499998746
Python,expectile_sparse_p1000,LSQR,3,8,6.169416624999258
Python,expectile_sparse_p1000,CRLS,3,9,5.733666666666674
Python,expectile_sparse_p1000,Spectral-MM,3,8,6.202015625000001
Python,expectile_sparse_p1000,CG,4,9,6.002611111111062
Python,expectile_sparse_p1000,CGLS,4,8,6.088307249999758
Python,expectile_sparse_p1000,LSQR,4,8,6.207031249999773
Python,expectile_sparse_p1000,Spectral-MM,4,8,6.3556355000002895
Python,expectile_sparse_p1000,CRLS,4,9,6.06951855555672
Python,expectile_sparse_p1000,LSMR,4,9,6.245662000000923
Python,expectile_sparse_p1000,LSQR,5,8,6.429317749997665
Python,expectile_sparse_p1000,Spectral-MM,5,8,6.469781249997197
Python,expectile_sparse_p1000,CGLS,5,8,6.306375000001196
Python,expectile_sparse_p1000,CRLS,5,9,5.985435222224093
Python,expectile_sparse_p1000,LSMR,5,9,6.169736111113859
Python,expectile_sparse_p1000,CG,5,9,6.003879666666181
Python,pseudo_huber_dense_p1000,LSMR,1,1,179.35783300001162
Python,pseudo_huber_dense_p1000,CRLS,1,1,176.0290839999925
Python,pseudo_huber_dense_p1000,LSQR,1,1,192.91570900000465
Python,pseudo_huber_dense_p1000,Spectral-MM,1,1,67.58104100001106
Python,pseudo_huber_dense_p1000,CG,1,1,187.035791999989
Python,pseudo_huber_dense_p1000,CGLS,1,1,188.82600000000593
Python,pseudo_huber_dense_p1000,LSQR,2,1,190.5424579999817
Python,pseudo_huber_dense_p1000,Spectral-MM,2,1,67.62966700000561
Python,pseudo_huber_dense_p1000,LSMR,2,1,179.39816700001643
Python,pseudo_huber_dense_p1000,CG,2,1,189.1434590000074
Python,pseudo_huber_dense_p1000,CRLS,2,1,172.82154200000832
Python,pseudo_huber_dense_p1000,CGLS,2,1,191.02066700000364
Python,pseudo_huber_dense_p1000,LSMR,3,1,177.2703750000062
Python,pseudo_huber_dense_p1000,CG,3,1,189.70037500000103
Python,pseudo_huber_dense_p1000,CGLS,3,1,192.82108300001255
Python,pseudo_huber_dense_p1000,LSQR,3,1,191.36083399999393
Python,pseudo_huber_dense_p1000,CRLS,3,1,175.08308300000408
Python,pseudo_huber_dense_p1000,Spectral-MM,3,1,68.21258299999045
Python,pseudo_huber_dense_p1000,CG,4,1,189.54629199998863
Python,pseudo_huber_dense_p1000,CGLS,4,1,189.61279100000183
Python,pseudo_huber_dense_p1000,LSQR,4,1,194.30074999999647
Python,pseudo_huber_dense_p1000,Spectral-MM,4,1,67.89170800001898
Python,pseudo_huber_dense_p1000,CRLS,4,1,174.1319580000038
Python,pseudo_huber_dense_p1000,LSMR,4,1,176.74166599999808
Python,pseudo_huber_dense_p1000,LSQR,5,1,191.01074999997536
Python,pseudo_huber_dense_p1000,Spectral-MM,5,1,67.14095800001019
Python,pseudo_huber_dense_p1000,CGLS,5,1,189.89283400000545
Python,pseudo_huber_dense_p1000,CRLS,5,1,175.90645900000368
Python,pseudo_huber_dense_p1000,LSMR,5,1,176.52966700001116
Python,pseudo_huber_dense_p1000,CG,5,1,189.5562919999918
Python,pseudo_huber_sparse_p1000,LSMR,1,4,13.999833500001557
Python,pseudo_huber_sparse_p1000,CRLS,1,4,13.298906250000186
Python,pseudo_huber_sparse_p1000,LSQR,1,4,14.57390624999988
Python,pseudo_huber_sparse_p1000,Spectral-MM,1,7,7.664696428569024
Python,pseudo_huber_sparse_p1000,CG,1,4,13.748249999999018
Python,pseudo_huber_sparse_p1000,CGLS,1,4,14.400177000005954
Python,pseudo_huber_sparse_p1000,LSQR,2,4,14.773614500001031
Python,pseudo_huber_sparse_p1000,Spectral-MM,2,7,7.758142857142047
Python,pseudo_huber_sparse_p1000,LSMR,2,4,14.027124999998364
Python,pseudo_huber_sparse_p1000,CG,2,4,13.97622925000519
Python,pseudo_huber_sparse_p1000,CRLS,2,4,13.415760500002705
Python,pseudo_huber_sparse_p1000,CGLS,2,4,14.303687500003548
Python,pseudo_huber_sparse_p1000,LSMR,3,4,14.010124999998652
Python,pseudo_huber_sparse_p1000,CG,3,4,13.917593750001345
Python,pseudo_huber_sparse_p1000,CGLS,3,4,14.257843749994947
Python,pseudo_huber_sparse_p1000,LSQR,3,4,14.68173974999587
Python,pseudo_huber_sparse_p1000,CRLS,3,4,13.484260500000289
Python,pseudo_huber_sparse_p1000,Spectral-MM,3,7,7.743666714288468
Python,pseudo_huber_sparse_p1000,CG,4,4,13.892333250005606
Python,pseudo_huber_sparse_p1000,CGLS,4,4,14.379770749997078
Python,pseudo_huber_sparse_p1000,LSQR,4,4,14.682802250000293
Python,pseudo_huber_sparse_p1000,Spectral-MM,4,7,7.6710178571407335
Python,pseudo_huber_sparse_p1000,CRLS,4,4,13.368250000006299
Python,pseudo_huber_sparse_p1000,LSMR,4,4,14.218010249997803
Python,pseudo_huber_sparse_p1000,LSQR,5,4,14.720510249993879
Python,pseudo_huber_sparse_p1000,Spectral-MM,5,7,7.733416714281865
Python,pseudo_huber_sparse_p1000,CGLS,5,4,14.305270750000432
Python,pseudo_huber_sparse_p1000,CRLS,5,4,13.442604250002432
Python,pseudo_huber_sparse_p1000,LSMR,5,4,14.017885249998585
Python,pseudo_huber_sparse_p1000,CG,5,4,13.808968749998485
Python,student_t_dense_p1000,LSMR,1,1,359.5530420000159
Python,student_t_dense_p1000,CRLS,1,1,354.3940829999883
Python,student_t_dense_p1000,LSQR,1,1,377.14799999997695
Python,student_t_dense_p1000,Spectral-MM,1,1,75.50599999999008
Python,student_t_dense_p1000,CG,1,1,371.1347079999996
Python,student_t_dense_p1000,CGLS,1,1,374.3805000000009
Python,student_t_dense_p1000,LSQR,2,1,374.11883299998294
Python,student_t_dense_p1000,Spectral-MM,2,1,76.21104200001128
Python,student_t_dense_p1000,LSMR,2,1,357.37533299999313
Python,student_t_dense_p1000,CG,2,1,369.69799999999964
Python,student_t_dense_p1000,CRLS,2,1,353.21062500000266
Python,student_t_dense_p1000,CGLS,2,1,373.5658330000149
Python,student_t_dense_p1000,LSMR,3,1,358.0473750000124
Python,student_t_dense_p1000,CG,3,1,370.9902500000055
Python,student_t_dense_p1000,CGLS,3,1,376.32899999999836
Python,student_t_dense_p1000,LSQR,3,1,373.36704200001236
Python,student_t_dense_p1000,CRLS,3,1,353.1582079999964
Python,student_t_dense_p1000,Spectral-MM,3,1,75.27629099999444
Python,student_t_dense_p1000,CG,4,1,368.3893330000103
Python,student_t_dense_p1000,CGLS,4,1,374.87545900000896
Python,student_t_dense_p1000,LSQR,4,1,373.1737499999781
Python,student_t_dense_p1000,Spectral-MM,4,1,76.40420900000322
Python,student_t_dense_p1000,CRLS,4,1,350.12912499999516
Python,student_t_dense_p1000,LSMR,4,1,359.54245799999285
Python,student_t_dense_p1000,LSQR,5,1,377.17154200001346
Python,student_t_dense_p1000,Spectral-MM,5,1,75.80637499998488
Python,student_t_dense_p1000,CGLS,5,1,373.4861660000206
Python,student_t_dense_p1000,CRLS,5,1,355.4700409999896
Python,student_t_dense_p1000,LSMR,5,1,360.0577499999815
Python,student_t_dense_p1000,CG,5,1,367.5311249999993
Python,student_t_sparse_p1000,LSMR,1,2,26.537458500001776
Python,student_t_sparse_p1000,CRLS,1,2,25.2989585000023
Python,student_t_sparse_p1000,LSQR,1,2,27.530562500004407
Python,student_t_sparse_p1000,Spectral-MM,1,5,9.830491600001778
Python,student_t_sparse_p1000,CG,1,2,26.065083000005984
Python,student_t_sparse_p1000,CGLS,1,2,26.830020999994986
Python,student_t_sparse_p1000,LSQR,2,2,27.483041499991145
Python,student_t_sparse_p1000,Spectral-MM,2,5,9.639491600000838
Python,student_t_sparse_p1000,LSMR,2,2,26.28691650001258
Python,student_t_sparse_p1000,CG,2,2,25.901187499997036
Python,student_t_sparse_p1000,CRLS,2,2,25.108333499986202
Python,student_t_sparse_p1000,CGLS,2,2,27.07697900000028
Python,student_t_sparse_p1000,LSMR,3,2,26.71285400001011
Python,student_t_sparse_p1000,CG,3,2,26.114666499992722
Python,student_t_sparse_p1000,CGLS,3,2,26.86891650000689
Python,student_t_sparse_p1000,LSQR,3,2,27.231583499997214
Python,student_t_sparse_p1000,CRLS,3,2,25.365458500004934
Python,student_t_sparse_p1000,Spectral-MM,3,5,9.78557500000079
Python,student_t_sparse_p1000,CG,4,2,25.725687499999594
Python,student_t_sparse_p1000,CGLS,4,2,27.00866700000404
Python,student_t_sparse_p1000,LSQR,4,2,27.85599999999988
Python,student_t_sparse_p1000,Spectral-MM,4,5,9.796599999998534
Python,student_t_sparse_p1000,CRLS,4,2,25.023937499994986
Python,student_t_sparse_p1000,LSMR,4,2,26.715479000003484
Python,student_t_sparse_p1000,LSQR,5,2,27.48900000000276
Python,student_t_sparse_p1000,Spectral-MM,5,5,10.160400000000891
Python,student_t_sparse_p1000,CGLS,5,2,26.732458499992617
Python,student_t_sparse_p1000,CRLS,5,2,25.38214600001254
Python,student_t_sparse_p1000,LSMR,5,2,26.654917000001888
Python,student_t_sparse_p1000,CG,5,2,26.204728999999816
