"language","family","storage","n","p","p_total","method","median_ms","min_ms","max_ms","samples","batch","converged","quality_pass","iterations","inner_iterations","loss","gradnorm","relgrad","coef_norm","relative_coef_error","glm_input","warnings","error"
"R","gaussian","dense",2000,1000,1001,"CG",174,161,257,3,1,TRUE,TRUE,2,88,485.210786107696,2.30680557493043e-05,7.34239104691783e-09,1.68314882813145,2.19213759428348e-07,"dense","",""
"R","gaussian","dense",2000,1000,1001,"CRLS",201,175.000000000001,228.999999999999,3,1,TRUE,TRUE,2,85,485.210786107697,2.319586129189e-05,7.38307060317631e-09,1.68314882229976,2.10826399656041e-07,"dense","",""
"R","gaussian","dense",2000,1000,1001,"Spectral-MM",504.999999999999,458,641,3,1,TRUE,TRUE,25,95,485.210786107696,2.94562395301227e-05,9.37570256255176e-09,1.68314883278928,1.92572170682665e-07,"dense","",""
"R","gaussian","dense",2000,1000,1001,"CGLS",354.999999999999,245.000000000001,481,3,1,TRUE,TRUE,2,88,485.210786107696,2.30680557696582e-05,7.34239105339629e-09,1.68314882813145,2.19213759491018e-07,"dense","",""
"R","gaussian","dense",2000,1000,1001,"GLM",2061,2049,2080,3,1,TRUE,TRUE,2,NA,485.210786107696,5.27843604202137e-12,1.68008704148527e-15,1.68314881687453,2.21465971250354e-07,"dense","",""
"R","gaussian","dense",2000,1000,1001,"LSMR",163,161.999999999999,177.999999999997,3,1,TRUE,TRUE,2,85,485.210786107697,2.3195861332909e-05,7.38307061623235e-09,1.68314882229976,2.10826399216313e-07,"dense","",""
"R","gaussian","dense",2000,1000,1001,"LSQR",202.000000000002,159.000000000002,260.000000000002,3,1,TRUE,TRUE,2,88,485.210786107696,2.3068055787953e-05,7.34239105921942e-09,1.68314882813145,2.19213759520563e-07,"dense","",""
"R","gaussian","sparse",2000,1000,1001,"CG",8.00000000000013,7.7142857142855,8.42857142857107,3,7,TRUE,TRUE,2,50,483.695498438498,1.42060572215602e-06,6.76349715648232e-09,7.37110043710496,4.41041522850081e-08,"sparse","",""
"R","gaussian","sparse",2000,1000,1001,"CRLS",8.25000000000031,8.12500000000016,8.87500000000019,3,8,TRUE,TRUE,2,50,483.695498438498,1.43109261131711e-06,6.81342518641713e-09,7.37110047746557,5.59146729665007e-08,"sparse","",""
"R","gaussian","sparse",2000,1000,1001,"Spectral-MM",17.3333333333332,16.6666666666669,19.666666666667,3,3,TRUE,FALSE,25,65,483.695498438498,2.50118678555007e-06,1.19081385130738e-08,7.3711003337627,3.37852675518632e-08,"sparse","",""
"R","gaussian","sparse",2000,1000,1001,"CGLS",9.37499999999991,8.00000000000001,10.5,3,8,TRUE,TRUE,2,50,483.695498438498,1.42060572457961e-06,6.76349716802104e-09,7.37110043710496,4.41041522934967e-08,"sparse","",""
"R","gaussian","sparse",2000,1000,1001,"GLM",2147,1979,3455,3,1,TRUE,TRUE,2,NA,483.695498438498,2.13920828695897e-12,1.01847605850917e-14,7.37110040943451,3.88295212951544e-08,"dense conversion included","",""
"R","gaussian","sparse",2000,1000,1001,"LSMR",8.75000000000004,8.12499999999972,10.1250000000004,3,8,TRUE,TRUE,2,50,483.695498438498,1.43109260868132e-06,6.81342517386815e-09,7.37110047746557,5.59146729473421e-08,"sparse","",""
"R","gaussian","sparse",2000,1000,1001,"LSQR",9.40000000000083,7.39999999999981,10.8000000000004,3,5,TRUE,TRUE,2,50,483.695498438498,1.42060572484768e-06,6.76349716929732e-09,7.37110043710496,4.41041522605682e-08,"sparse","",""
"R","bernoulli","dense",2000,1000,1001,"CG",3411,3369,4290,3,1,TRUE,TRUE,11,1789,2.92007905209311e-06,4.80664729482096e-06,5.28131673038299e-09,218.085853119128,0.27586086809107,"dense","",""
"R","bernoulli","dense",2000,1000,1001,"CRLS",3345.00000000001,3207,3475,3,1,TRUE,TRUE,11,1754,2.96157348090464e-06,4.81209550095839e-06,5.28730296162887e-09,216.837188285611,0.259174129853061,"dense","",""
"R","bernoulli","dense",2000,1000,1001,"Spectral-MM",1149,1093,1226.99999999999,3,1,TRUE,TRUE,54,297,3.20979443392734e-05,5.654571404504e-06,6.2129756418636e-09,181.331593743991,0.0444822862224638,"dense","",""
"R","bernoulli","dense",2000,1000,1001,"CGLS",3415.00000000001,3383,3702,3,1,TRUE,TRUE,11,1789,2.92380550723958e-06,4.84340899075086e-06,5.32170874332744e-09,218.077176108347,0.275721331797122,"dense","",""
"R","bernoulli","dense",2000,1000,1001,"GLM",54113,28572,64549,3,1,TRUE,FALSE,60,NA,3.33510736060711e-11,3.67196842430442e-11,4.0345852489764e-14,368.926837473574,1.03080033999711,"dense","glm.fit: fitted probabilities numerically 0 or 1 occurred",""
"R","bernoulli","dense",2000,1000,1001,"LSMR",3535.99999999997,3499.00000000002,3771.99999999999,3,1,TRUE,TRUE,11,1754,2.96130965550715e-06,4.81037968505374e-06,5.28541770425764e-09,216.83537615686,0.259168025439692,"dense","",""
"R","bernoulli","dense",2000,1000,1001,"LSQR",3411,3396.99999999999,3700.99999999996,3,1,TRUE,TRUE,11,1789,2.92005821358773e-06,4.80081486198898e-06,5.27490832901608e-09,218.089321014334,0.2759042886322,"dense","",""
"R","bernoulli","sparse",2000,1000,1001,"CG",408.999999999992,360.000000000014,459.99999999998,3,1,TRUE,TRUE,16,2605,9.28943971107984e-07,2.61167347957164e-07,2.59369636677606e-09,2592.42292619888,0.413744143988072,"sparse","",""
"R","bernoulli","sparse",2000,1000,1001,"CRLS",398.000000000025,396.999999999991,406.000000000006,3,1,TRUE,TRUE,16,2591,9.06677486875024e-07,1.34785515992922e-07,1.3385773752323e-09,2569.55609411217,0.39891956428895,"sparse","",""
"R","bernoulli","sparse",2000,1000,1001,"Spectral-MM",206.000000000017,200.999999999965,215.000000000032,3,1,TRUE,TRUE,86,546,1.33935249844918e-05,5.15205616778525e-07,5.11659266303174e-09,2092.40756541422,0.0674789567596757,"sparse","",""
"R","bernoulli","sparse",2000,1000,1001,"CGLS",435.000000000002,421.999999999969,446.000000000026,3,1,TRUE,TRUE,16,2605,9.15024079915487e-07,2.01694540008682e-07,2.00306202023728e-09,2592.5075649405,0.413774274734698,"sparse","",""
"R","bernoulli","sparse",2000,1000,1001,"GLM",98913,98205,100003,3,1,TRUE,FALSE,98,NA,5.38811894104314e-11,1.06053033357841e-11,1.05323031174222e-13,3941.31109302058,1.03345630570286,"dense conversion included","glm.fit: fitted probabilities numerically 0 or 1 occurred",""
"R","bernoulli","sparse",2000,1000,1001,"LSMR",418.999999999983,407.000000000039,428.999999999974,3,1,TRUE,TRUE,16,2591,9.06740345153772e-07,1.35247751845866e-07,1.34316791636139e-09,2569.56033469211,0.398960674677402,"sparse","",""
"R","bernoulli","sparse",2000,1000,1001,"LSQR",399.999999999977,391.000000000076,403.00000000002,3,1,TRUE,TRUE,16,2605,9.35822820034428e-07,2.95118552830242e-07,2.93087142872683e-09,2592.48570522702,0.413770491807245,"sparse","",""
"R","probit","dense",2000,1000,1001,"CG",3387.99999999992,3322,3393.00000000003,3,1,TRUE,TRUE,11,1783,2.11849333657597e-08,4.49326175034963e-07,2.8281365793155e-10,42.1811909241992,0.545793278674828,"dense","",""
"R","probit","dense",2000,1000,1001,"CRLS",3274,3097.99999999996,3437.99999999999,3,1,TRUE,TRUE,11,1744,2.1247109185899e-08,4.62762546234117e-07,2.91270742115134e-10,41.7488840525241,0.517977043703139,"dense","",""
"R","probit","dense",2000,1000,1001,"Spectral-MM",712.999999999965,697.000000000003,763.000000000034,3,1,TRUE,TRUE,37,175,4.75040134122735e-06,1.0614916614565e-05,6.6812119195369e-09,32.6297574972898,0.0265150902057337,"dense","",""
"R","probit","dense",2000,1000,1001,"CGLS",3309.99999999995,3300.00000000007,3342.99999999996,3,1,TRUE,TRUE,11,1783,2.11958137734151e-08,4.46865344709075e-07,2.81264768806719e-10,42.1777598784734,0.545559928288238,"dense","",""
"R","probit","dense",2000,1000,1001,"GLM",38218.9999999999,35352,39316,3,1,TRUE,FALSE,39,NA,4.44089209850063e-13,4.74328852656775e-13,2.98550775217801e-16,54.4019808061171,0.897583740223974,"dense","glm.fit: fitted probabilities numerically 0 or 1 occurred",""
"R","probit","dense",2000,1000,1001,"LSMR",3352.00000000009,3325.99999999991,3550.99999999993,3,1,TRUE,TRUE,11,1744,2.12477797050941e-08,4.62706893918052e-07,2.91235713585854e-10,41.747335873981,0.517888828471011,"dense","",""
"R","probit","dense",2000,1000,1001,"LSQR",3167.00000000003,2938.99999999996,3177.00000000002,3,1,TRUE,TRUE,11,1783,2.11811648247168e-08,4.48740979796822e-07,2.82445325937781e-10,42.1804571816545,0.545762962034321,"dense","",""
"R","probit","sparse",2000,1000,1001,"CG",376.999999999953,337.999999999965,379.000000000019,3,1,TRUE,TRUE,14,2216,3.23759550105757e-07,1.21482505051785e-06,7.70046232692475e-09,454.795308102701,0.320698334831116,"sparse","",""
"R","probit","sparse",2000,1000,1001,"CRLS",355.999999999995,350.999999999999,359.000000000037,3,1,TRUE,TRUE,16,2347,6.57823730389691e-08,8.64290909013523e-07,5.47851691198261e-09,515.354580228941,0.419888393127717,"sparse","",""
"R","probit","sparse",2000,1000,1001,"Spectral-MM",198.999999999955,172.000000000025,210.000000000036,3,1,TRUE,TRUE,76,451,7.01113581485426e-06,1.43026790751786e-06,9.06609897001701e-09,384.343594883398,0.0348172506744203,"sparse","",""
"R","probit","sparse",2000,1000,1001,"CGLS",365.999999999985,341.000000000008,390.999999999963,3,1,TRUE,TRUE,14,2218,3.2527460125391e-07,1.25314672151424e-06,7.94337350470026e-09,454.7839960405,0.320617231659148,"sparse","",""
"R","probit","sparse",2000,1000,1001,"GLM",40890.0000000001,40582,41336,3,1,TRUE,FALSE,40,NA,4.44699832513606e-13,1.65486916024688e-13,1.04897883189341e-15,603.230573397077,0.615779113077132,"dense conversion included","glm.fit: fitted probabilities numerically 0 or 1 occurred",""
"R","probit","sparse",2000,1000,1001,"LSMR",416.999999999916,355.000000000018,451.000000000022,3,1,TRUE,TRUE,16,2351,6.14756821236324e-08,8.10385238508282e-07,5.13682278511531e-09,515.408818685381,0.420002043551531,"sparse","",""
"R","probit","sparse",2000,1000,1001,"LSQR",374.000000000024,366.999999999962,391.000000000076,3,1,TRUE,TRUE,14,2216,3.23266983057962e-07,1.20892818529057e-06,7.66308362082197e-09,454.797394968671,0.320715789992926,"sparse","",""
"R","poisson","dense",2000,1000,1001,"CG",788.999999999987,708.999999999833,796.999999999798,3,1,TRUE,TRUE,6,405,-2875.83901787653,4.43547522227448e-06,5.28479003741283e-10,1.5831861346225,1.3453507740725e-07,"dense","",""
"R","poisson","dense",2000,1000,1001,"CRLS",651.000000000067,628.999999999905,784.000000000106,3,1,TRUE,TRUE,6,372,-2875.83901787653,4.74977374784617e-06,5.65927115464992e-10,1.5831861380826,1.43364220994931e-07,"dense","",""
"R","poisson","dense",2000,1000,1001,"Spectral-MM",529.999999999973,524.000000000115,644.999999999982,3,1,TRUE,FALSE,34,209,-2875.83901787653,8.73427048771226e-05,1.04067283310988e-08,1.58318614451308,1.58953688512312e-07,"dense","",""
"R","poisson","dense",2000,1000,1001,"CGLS",812.999999999874,741.999999999962,938.999999999851,3,1,TRUE,TRUE,6,409,-2875.83901787653,5.0810305493401e-06,6.05395775679099e-10,1.58318613464564,1.34493590410141e-07,"dense","",""
"R","poisson","dense",2000,1000,1001,"GLM",11062.9999999999,10593.0000000001,11476.0000000001,3,1,TRUE,TRUE,11,NA,-2875.83901787653,1.4260393757131e-11,1.69910061674573e-15,1.58318613458522,1.34110680420162e-07,"dense","",""
"R","poisson","dense",2000,1000,1001,"LSMR",737.999999999829,639.000000000124,743.999999999915,3,1,TRUE,TRUE,6,372,-2875.83901787653,4.75038415785285e-06,5.65999844734358e-10,1.58318613809616,1.433580526458e-07,"dense","",""
"R","poisson","dense",2000,1000,1001,"LSQR",806.00000000004,784.999999999854,894.000000000005,3,1,TRUE,TRUE,6,407,-2875.83901787653,5.10383092954648e-06,6.08112400530452e-10,1.58318613476276,1.34681397944217e-07,"dense","",""
"R","poisson","sparse",2000,1000,1001,"CG",19.9999999999818,19.3333333333309,20.3333333333831,3,3,TRUE,TRUE,5,134,1040.78529004025,2.74843446632236e-06,9.91442981006455e-09,6.11424005535947,1.32682622952468e-07,"sparse","",""
"R","poisson","sparse",2000,1000,1001,"CRLS",21.000000000034,19.6666666666564,21.000000000034,3,3,TRUE,TRUE,5,129,1040.78529004025,2.73714729917565e-06,9.87371360314685e-09,6.1142400503033,1.40332682138819e-07,"sparse","",""
"R","poisson","sparse",2000,1000,1001,"Spectral-MM",32.5000000000273,32.5000000000273,37.499999999909,3,2,TRUE,TRUE,30,81,1040.78529004025,1.62260231166596e-06,5.85321459390177e-09,6.11424003621156,9.93087591448086e-08,"sparse","",""
"R","poisson","sparse",2000,1000,1001,"CGLS",20.9999999999582,20.6666666667085,21.6666666666849,3,3,TRUE,TRUE,5,134,1040.78529004025,2.74842324907304e-06,9.91438934607227e-09,6.11424005535943,1.32682616274072e-07,"sparse","",""
"R","poisson","sparse",2000,1000,1001,"GLM",6090.9999999999,5182.00000000002,6552.99999999988,3,1,TRUE,TRUE,6,NA,1040.78529004025,9.29110590125134e-11,3.35158136184677e-13,6.11424004925521,1.26792451103841e-07,"dense conversion included","",""
"R","poisson","sparse",2000,1000,1001,"LSMR",25.3333333333406,24.6666666666897,31.6666666666758,3,3,TRUE,TRUE,5,129,1040.78529004025,2.73715043363492e-06,9.87372491008423e-09,6.1142400503033,1.40332690737368e-07,"sparse","",""
"R","poisson","sparse",2000,1000,1001,"LSQR",24.4999999999891,23.0000000000246,24.9999999999773,3,2,TRUE,TRUE,5,134,1040.78529004025,2.74842235901114e-06,9.91438613535125e-09,6.11424005535943,1.32682615529732e-07,"sparse","",""
"R","gamma","dense",2000,1000,1001,"CG",3762.99999999992,3738.00000000006,3796.00000000005,3,1,TRUE,TRUE,45,1902,2636.04615040579,2.53044573774211e-05,7.49989226687566e-09,1.48635645339202,2.72916274228848e-07,"dense","",""
"R","gamma","dense",2000,1000,1001,"CRLS",3642.9999999998,3516.00000000008,3645.99999999996,3,1,TRUE,TRUE,49,1896,2636.04615040579,1.82444747008034e-05,5.40741074510683e-09,1.48635645442845,2.71923159622454e-07,"dense","",""
"R","gamma","dense",2000,1000,1001,"Spectral-MM",431.00000000004,417.999999999893,536.000000000058,3,1,TRUE,FALSE,59,143,2636.0461504058,9.03843384700386e-05,2.6788671696354e-08,1.48635642021593,1.32321882394194e-07,"dense","",""
"R","gamma","dense",2000,1000,1001,"CGLS",3598.99999999993,3575.00000000005,3705.00000000015,3,1,TRUE,TRUE,45,1902,2636.04615040579,2.53044576177391e-05,7.49989233810261e-09,1.48635645339202,2.7291627429174e-07,"dense","",""
"R","gamma","dense",2000,1000,1001,"GLM",730592,579528,1016019,3,1,FALSE,FALSE,1000,NA,2636.90538219045,81.2767860751928,0.02408931874215,1.48611738811308,0.024852773370483,"dense","glm.fit: algorithm did not converge",""
"R","gamma","dense",2000,1000,1001,"LSMR",3592.99999999985,3380.9999999994,3975.00000000036,3,1,TRUE,TRUE,49,1896,2636.04615040579,1.8244474879992e-05,5.40741079821585e-09,1.48635645442845,2.71923159435316e-07,"dense","",""
"R","gamma","dense",2000,1000,1001,"LSQR",3690.00000000051,3654.99999999975,3871.00000000009,3,1,TRUE,TRUE,45,1902,2636.04615040579,2.53044572249841e-05,7.49989222169546e-09,1.48635645339202,2.72916274064767e-07,"dense","",""
"R","gamma","sparse",2000,1000,1001,"CG",167.000000000371,164.000000000669,167.999999999665,3,1,TRUE,TRUE,40,862,2681.7513235474,1.48697619074021e-06,9.41492510624382e-09,6.01599787405439,7.75211945843391e-08,"sparse","",""
"R","gamma","sparse",2000,1000,1001,"CRLS",158.000000000357,153.999999999542,190.999999999804,3,1,TRUE,FALSE,38,792,2681.7513235474,2.67597887278217e-06,1.69432038186122e-08,6.01599785886736,8.81617565672545e-08,"sparse","",""
"R","gamma","sparse",2000,1000,1001,"Spectral-MM",80.9999999992215,76.0000000000218,81.000000000131,3,1,TRUE,FALSE,78,126,2681.7513235474,5.41250179470206e-06,3.42697477954663e-08,6.01599764653005,1.91657963725742e-07,"sparse","",""
"R","gamma","sparse",2000,1000,1001,"CGLS",216.999999999643,179.000000000087,266.000000000531,3,1,TRUE,TRUE,41,870,2681.7513235474,7.98238700563505e-07,5.05412099367218e-09,6.01599787477348,7.69029506665238e-08,"sparse","",""
"R","gamma","sparse",2000,1000,1001,"GLM",364979,315611,1011225,3,1,FALSE,FALSE,1000,NA,2682.95073077666,13.0331420741662,0.0825205254068171,6.02756064197853,0.0438062861441936,"dense conversion included","glm.fit: algorithm did not converge",""
"R","gamma","sparse",2000,1000,1001,"LSMR",171.000000000276,145.999999999731,171.999999999571,3,1,TRUE,FALSE,38,792,2681.7513235474,2.67597887263828e-06,1.69432038177011e-08,6.01599785886736,8.81617565584981e-08,"sparse","",""
"R","gamma","sparse",2000,1000,1001,"LSQR",165.999999999258,153.000000000247,193.000000000211,3,1,TRUE,TRUE,40,862,2681.7513235474,1.48697619379846e-06,9.41492512560739e-09,6.01599787405439,7.75211945763459e-08,"sparse","",""
"R","negative_binomial","dense",2000,1000,1001,"CG",2887.99999999992,2670.99999999937,2953.00000000043,3,1,TRUE,TRUE,28,1335,18100.2224839169,2.57032287128291e-05,4.98229102830697e-09,1.84753581189556,2.54810850223227e-07,"dense","",""
"R","negative_binomial","dense",2000,1000,1001,"CRLS",2484.00000000038,2474.00000000016,2697.99999999941,3,1,TRUE,TRUE,28,1193,18100.2224839169,3.78697581829887e-05,7.34064029648872e-09,1.84753581165908,2.5484889737105e-07,"dense","",""
"R","negative_binomial","dense",2000,1000,1001,"Spectral-MM",435.999999999694,380.000000000109,513.000000000829,3,1,TRUE,FALSE,39,145,18100.2224839169,0.000123209654778748,2.38828500677255e-08,1.84753562462864,7.36056534077641e-07,"dense","",""
"R","negative_binomial","dense",2000,1000,1001,"CGLS",2582.99999999963,2523.99999999943,2729.00000000027,3,1,TRUE,TRUE,28,1335,18100.2224839169,2.57032295452706e-05,4.98229118966669e-09,1.84753581189556,2.54810850202832e-07,"dense","",""
"R","negative_binomial","dense",2000,1000,1001,"GLM",17149.9999999996,16982,17681.9999999998,3,1,TRUE,FALSE,17,NA,18100.222483917,0.000518283984673335,1.00463707334335e-07,1.84753582164084,3.20345030282263e-07,"dense","",""
"R","negative_binomial","dense",2000,1000,1001,"LSMR",2350.00000000036,2251.0000000002,2426.00000000039,3,1,TRUE,TRUE,28,1193,18100.2224839169,3.78697580011502e-05,7.34064026124131e-09,1.84753581165908,2.54848897163268e-07,"dense","",""
"R","negative_binomial","dense",2000,1000,1001,"LSQR",2622.0000000003,2555.00000000029,2766.00000000053,3,1,TRUE,TRUE,28,1335,18100.2224839169,2.57032288599974e-05,4.98229105683394e-09,1.84753581189556,2.54810850255677e-07,"dense","",""
"R","negative_binomial","sparse",2000,1000,1001,"CG",65.9999999998035,60.9999999996944,67.0000000000073,3,1,TRUE,TRUE,17,405,17407.7210033317,1.34019839371102e-06,6.1571025187106e-09,7.78060483337365,1.09037156987338e-07,"sparse","",""
"R","negative_binomial","sparse",2000,1000,1001,"CRLS",63.0000000001019,59.0000000001965,63.0000000001019,3,1,TRUE,FALSE,16,372,17407.7210033317,3.80156652788579e-06,1.74650521547622e-08,7.78060483309395,1.08499087947572e-07,"sparse","",""
"R","negative_binomial","sparse",2000,1000,1001,"Spectral-MM",36.9999999998072,34.5000000002074,40.5000000000655,3,2,TRUE,FALSE,34,85,17407.7210033317,3.73471388959487e-06,1.71579196066745e-08,7.78060475328853,3.7470510958915e-08,"sparse","",""
"R","negative_binomial","sparse",2000,1000,1001,"CGLS",71.0000000008222,70.9999999999127,74.0000000005239,3,1,TRUE,TRUE,17,405,17407.7210033317,1.34019840523867e-06,6.15710257167059e-09,7.78060483337365,1.09037156961999e-07,"sparse","",""
"R","negative_binomial","sparse",2000,1000,1001,"GLM",13128.0000000006,5224.00000000016,13156.9999999992,3,1,TRUE,FALSE,13,NA,17407.7210033317,4.47702572122071e-05,2.05682281621985e-07,7.78060480970627,1.97902066606506e-07,"dense conversion included","",""
"R","negative_binomial","sparse",2000,1000,1001,"LSMR",18.0000000000291,18.0000000000291,18.0000000000291,3,3,TRUE,FALSE,16,372,17407.7210033317,3.80156654289391e-06,1.74650522237121e-08,7.78060483309395,1.08499087894793e-07,"sparse","",""
"R","negative_binomial","sparse",2000,1000,1001,"LSQR",19.3333333333309,18.9999999999297,19.3333333333309,3,3,TRUE,TRUE,17,405,17407.7210033317,1.34019839446404e-06,6.1571025221701e-09,7.78060483337365,1.0903715695172e-07,"sparse","",""
"R","smooth_quantile","dense",2000,1000,1001,"CG",8989.00000000049,2422.99999999977,9226.99999999986,3,1,TRUE,TRUE,29,4876,365.316762380588,6.18915687404923e-07,8.30725859396343e-10,1.98363389295604,1.03154032776548e-07,"dense","",""
"R","smooth_quantile","dense",2000,1000,1001,"CRLS",5704.00000000063,5599.00000000016,5850.99999999966,3,1,TRUE,TRUE,21,3141,365.316762380588,5.8616603100046e-07,7.86768359182371e-10,1.98363389287341,9.51036248414803e-08,"dense","",""
"R","smooth_quantile","dense",2000,1000,1001,"LSMR",6603.00000000007,6559.99999999949,6743.99999999969,3,1,TRUE,TRUE,23,3515,365.316762380587,4.68630604666467e-06,6.29009039071712e-09,1.98363388913283,7.99650448561765e-08,"dense","",""
"R","smooth_quantile","dense",2000,1000,1001,"CGLS",6048.00000000068,5955.99999999922,6344.00000000005,3,1,TRUE,TRUE,20,3319,365.316762380588,5.92562692268375e-07,7.95354135948407e-10,1.98363389286559,1.02299702137782e-07,"dense","",""
"R","smooth_quantile","dense",2000,1000,1001,"LSQR",6139.00000000012,6023.99999999943,6318.9999999995,3,1,TRUE,TRUE,20,3325,365.316762380588,6.10406051375184e-07,8.1930398910316e-10,1.98363389289351,9.96110592666537e-08,"dense","",""
"R","smooth_quantile","dense",2000,1000,1001,"Spectral-MM",1293.00000000057,1269.99999999953,1502.00000000041,3,1,TRUE,FALSE,40,566,365.31676238059,2.04333573130665e-05,2.7426220824072e-08,1.98363385763302,1.37608312362108e-07,"dense","",""
"R","smooth_quantile","sparse",2000,1000,1001,"CG",345.000000000255,311.999999999898,353.000000000065,3,1,TRUE,TRUE,19,2252,375.289042430368,8.35007103999174e-07,3.09981025479142e-09,9.0476150066342,1.80646832712629e-07,"sparse","",""
"R","smooth_quantile","sparse",2000,1000,1001,"CRLS",277.000000000044,259.000000000015,290.999999999258,3,1,TRUE,TRUE,19,1990,375.289042430368,4.9129366029909e-07,1.82383732906617e-09,9.04761500438409,1.39652211373113e-07,"sparse","",""
"R","smooth_quantile","sparse",2000,1000,1001,"LSMR",277.000000000044,274.999999999636,302.999999999884,3,1,TRUE,TRUE,19,1988,375.289042430367,3.10510531652528e-07,1.15271322318977e-09,9.04761501287044,1.48027380037473e-07,"sparse","",""
"R","smooth_quantile","sparse",2000,1000,1001,"CGLS",322.000000000116,292.999999999665,332.000000000335,3,1,TRUE,TRUE,19,2251,375.289042430368,1.42888835549846e-06,5.30448514283604e-09,9.04761500577209,1.95576034552595e-07,"sparse","",""
"R","smooth_quantile","sparse",2000,1000,1001,"LSQR",358.000000000175,355.999999999767,364.999999999782,3,1,TRUE,TRUE,19,2250,375.289042430368,1.25967274420344e-06,4.67630331701576e-09,9.04761500610532,1.91114074231289e-07,"sparse","",""
"R","smooth_quantile","sparse",2000,1000,1001,"Spectral-MM",64.0000000003056,60.9999999996944,65.9999999998035,3,1,TRUE,TRUE,43,355,375.289042430369,2.49066220816813e-06,9.2461252330958e-09,9.0476149966131,2.6250912060654e-07,"sparse","",""
"R","expectile","dense",2000,1000,1001,"CG",436.999999999898,356.999999999971,549.999999999272,3,1,TRUE,TRUE,5,234,186.813266767015,4.42741102838908e-07,3.58893585454715e-10,1.75235465099787,3.75862090070802e-08,"dense","",""
"R","expectile","dense",2000,1000,1001,"CRLS",394.000000000233,340.000000000146,452.99999999952,3,1,TRUE,TRUE,5,218,186.813266767015,4.28598779746559e-07,3.47429574074865e-10,1.75235465089645,3.8021811217346e-08,"dense","",""
"R","expectile","dense",2000,1000,1001,"LSMR",414.999999999964,355.999999999767,457.999999999629,3,1,TRUE,TRUE,5,218,186.813266767015,4.28598764578208e-07,3.47429561779138e-10,1.75235465089645,3.80218110260376e-08,"dense","",""
"R","expectile","dense",2000,1000,1001,"CGLS",381.999999999607,375.999999999294,383.00000000072,3,1,TRUE,TRUE,5,234,186.813266767015,4.42741065015325e-07,3.58893554794265e-10,1.75235465099787,3.7586208845393e-08,"dense","",""
"R","expectile","dense",2000,1000,1001,"LSQR",391.999999999825,363.000000000284,564.9999999996,3,1,TRUE,TRUE,5,234,186.813266767015,4.42741106188666e-07,3.58893588170087e-10,1.75235465099787,3.758620879077e-08,"dense","",""
"R","expectile","dense",2000,1000,1001,"Spectral-MM",259.000000000015,259.000000000015,349.999999999454,3,1,TRUE,FALSE,28,112,186.813266767015,1.41504657411233e-05,1.14706119515939e-08,1.75235465122781,2.41698386842742e-08,"dense","",""
"R","expectile","sparse",2000,1000,1001,"CG",18.0000000000291,18.0000000000291,25.0000000002425,3,3,TRUE,TRUE,5,136,188.590133457427,4.29843005030198e-08,1.11205658176085e-10,7.48678295330342,8.1369759878503e-08,"sparse","",""
"R","expectile","sparse",2000,1000,1001,"CRLS",17.3333333335298,17.3333333332266,18.3333333334303,3,3,TRUE,TRUE,5,130,188.590133457427,5.10382721438701e-08,1.32042270771173e-10,7.48678295215787,8.0207972826489e-08,"sparse","",""
"R","expectile","sparse",2000,1000,1001,"LSMR",17.6666666666279,17.3333333332266,18.0000000000291,3,3,TRUE,TRUE,5,130,188.590133457427,5.10382759378875e-08,1.32042280586761e-10,7.48678295215787,8.02079728840179e-08,"sparse","",""
"R","expectile","sparse",2000,1000,1001,"CGLS",22.3333333333358,20.0000000001334,22.9999999998351,3,3,TRUE,TRUE,5,136,188.590133457427,4.29843303346259e-08,1.11205735354109e-10,7.48678295330341,8.1369759881618e-08,"sparse","",""
"R","expectile","sparse",2000,1000,1001,"LSQR",31.0000000002522,27.3333333331417,31.3333333333503,3,3,TRUE,TRUE,5,136,188.590133457427,4.29843384444348e-08,1.11205756335179e-10,7.48678295330341,8.13697598656133e-08,"sparse","",""
"R","expectile","sparse",2000,1000,1001,"Spectral-MM",23.3333333332363,18.9999999999297,34.3333333333552,3,3,TRUE,TRUE,25,72,188.590133457428,3.83916948629624e-06,9.93240240220079e-09,7.48678269297504,9.37847285972844e-08,"sparse","",""
"R","pseudo_huber","dense",2000,1000,1001,"CG",1011.00000000042,1005.00000000011,1051.99999999968,3,1,TRUE,TRUE,9,510,786.235928910013,5.60338930502321e-06,3.69113151329585e-09,2.17644773534317,1.62777323464859e-08,"dense","",""
"R","pseudo_huber","dense",2000,1000,1001,"CRLS",903.000000000247,901.999999999134,981.000000000677,3,1,TRUE,TRUE,9,470,786.235928910015,5.74697436145717e-06,3.78571557622481e-09,2.17644773295173,3.03634697419187e-08,"dense","",""
"R","pseudo_huber","dense",2000,1000,1001,"LSMR",916.999999999462,904.999999999745,922.00000000048,3,1,TRUE,TRUE,9,470,786.235928910015,5.74697424854741e-06,3.78571550184754e-09,2.17644773295173,3.03634699840988e-08,"dense","",""
"R","pseudo_huber","dense",2000,1000,1001,"CGLS",1010.99999999951,965.000000000146,1176.99999999968,3,1,TRUE,TRUE,9,510,786.235928910014,5.60286456267753e-06,3.69078584875194e-09,2.17644773534317,1.62777198689807e-08,"dense","",""
"R","pseudo_huber","dense",2000,1000,1001,"LSQR",934.000000000196,911.999999999352,944.000000000415,3,1,TRUE,TRUE,9,510,786.235928910013,5.60339099387809e-06,3.69113262579851e-09,2.17644773534317,1.62777321785994e-08,"dense","",""
"R","pseudo_huber","dense",2000,1000,1001,"Spectral-MM",329.999999999927,320.999999999913,420.000000000073,3,1,TRUE,TRUE,30,128,786.235928910014,1.14608958713217e-05,7.54965818336314e-09,2.17644772714445,1.59287188685241e-08,"dense","",""
"R","pseudo_huber","sparse",2000,1000,1001,"CG",53.9999999991778,52.9999999998836,55.000000000291,3,1,TRUE,TRUE,10,319,794.578687076728,1.95579267676469e-06,4.04272892956028e-09,10.5328207667482,1.13315384934769e-07,"sparse","",""
"R","pseudo_huber","sparse",2000,1000,1001,"CRLS",52.9999999998836,51.0000000003856,52.9999999998836,3,1,TRUE,TRUE,10,303,794.578687076728,1.96809517470007e-06,4.06815885620849e-09,10.5328207598473,1.14444750288766e-07,"sparse","",""
"R","pseudo_huber","sparse",2000,1000,1001,"LSMR",56.999999999789,54.0000000000873,56.999999999789,3,1,TRUE,TRUE,10,303,794.578687076728,1.96809522231814e-06,4.06815895463761e-09,10.5328207598473,1.14444750271101e-07,"sparse","",""
"R","pseudo_huber","sparse",2000,1000,1001,"CGLS",55.9999999995853,54.0000000000873,56.0000000004948,3,1,TRUE,TRUE,10,319,794.578687076728,1.95579270481634e-06,4.04272898754456e-09,10.5328207667482,1.13315384939105e-07,"sparse","",""
"R","pseudo_huber","sparse",2000,1000,1001,"LSQR",57.9999999999927,55.9999999995853,66.000000000713,3,1,TRUE,TRUE,10,319,794.578687076728,1.95579270157975e-06,4.04272898085436e-09,10.5328207667482,1.13315384898372e-07,"sparse","",""
"R","pseudo_huber","sparse",2000,1000,1001,"Spectral-MM",34.4999999997526,34.4999999997526,37.0000000002619,3,2,TRUE,TRUE,26,77,794.578687076728,2.98264595265511e-06,6.16529002418669e-09,10.5328206721643,6.94265369230565e-08,"sparse","",""
"R","student_t","dense",2000,1000,1001,"CG",1863.00000000028,1822.99999999941,1908.00000000036,3,1,TRUE,TRUE,24,976,785.17963207783,1.70677453159643e-05,8.53596989661066e-09,1.95102788204951,4.68621675462906e-07,"dense","",""
"R","student_t","dense",2000,1000,1001,"CRLS",1742.00000000019,1707.00000000033,1801.99999999968,3,1,TRUE,TRUE,25,927,785.179632077828,1.42715860334081e-05,7.1375466708022e-09,1.95102787848604,4.88812878787329e-07,"dense","",""
"R","student_t","dense",2000,1000,1001,"LSMR",1842.99999999985,1798.00000000068,1850.00000000036,3,1,TRUE,TRUE,25,926,785.17963207783,1.23925023986279e-05,6.1977739566702e-09,1.95102787882154,4.89021871098565e-07,"dense","",""
"R","student_t","dense",2000,1000,1001,"CGLS",1900.99999999984,1791.99999999946,1905.99999999995,3,1,TRUE,TRUE,24,976,785.17963207783,1.70677453717846e-05,8.5359699245277e-09,1.9510278820495,4.68621675345063e-07,"dense","",""
"R","student_t","dense",2000,1000,1001,"LSQR",1845.00000000025,1843.00000000076,1920.00000000007,3,1,TRUE,TRUE,24,976,785.17963207783,1.70677452287212e-05,8.53596985297839e-09,1.9510278820495,4.68621675264573e-07,"dense","",""
"R","student_t","dense",2000,1000,1001,"Spectral-MM",360.000000000582,350.999999999658,450.000000000728,3,1,TRUE,FALSE,43,118,785.179632077846,0.000105627481807428,5.28267201245181e-08,1.95102785275311,2.60819388277405e-07,"dense","",""
"R","student_t","sparse",2000,1000,1001,"CG",106.000000000677,94.0000000000509,111.000000000786,3,1,TRUE,TRUE,25,575,788.2527918423,4.68396861905907e-06,7.01926967031514e-09,9.5393459163262,1.27197756816983e-07,"sparse","",""
"R","student_t","sparse",2000,1000,1001,"CRLS",102.000000000771,94.0000000000509,103.000000000065,3,1,TRUE,TRUE,25,550,788.252791842299,4.15641538698637e-06,6.22869255451275e-09,9.53934592779235,1.21989865498831e-07,"sparse","",""
"R","student_t","sparse",2000,1000,1001,"LSMR",106.999999999971,97.9999999999563,121.000000000095,3,1,TRUE,TRUE,25,550,788.252791842299,4.15641539894719e-06,6.22869257243692e-09,9.53934592779235,1.21989865519673e-07,"sparse","",""
"R","student_t","sparse",2000,1000,1001,"CGLS",106.999999999971,105.999999999767,108.000000000175,3,1,TRUE,TRUE,25,575,788.2527918423,4.68396864224354e-06,7.01926970505876e-09,9.5393459163262,1.27197756756776e-07,"sparse","",""
"R","student_t","sparse",2000,1000,1001,"LSQR",103.000000000065,96.9999999997526,115.999999999985,3,1,TRUE,TRUE,25,575,788.2527918423,4.68396862010489e-06,7.01926967188238e-09,9.5393459163262,1.27197756744026e-07,"sparse","",""
"R","student_t","sparse",2000,1000,1001,"Spectral-MM",49.9999999997272,42.5000000000182,52.9999999998836,3,2,TRUE,TRUE,42,79,788.252791842302,5.88751151897919e-06,8.82286676102953e-09,9.53934589074857,1.31646994145989e-07,"sparse","",""
