"language","family","storage","method","median_ms","min_ms","max_ms","quality_pass","converged","termination","iterations","inner_iterations","loss","gradnorm","relgrad"
"R","gaussian","dense","Spectral-MM",49.9999999999998,49.0000000000004,81,TRUE,TRUE,"gradient",25,95,485.210786107696,2.94562393407117e-05,9.37570250226365e-09
"R","gaussian","dense","CG",49.4999999999999,33.4999999999999,49.9999999999998,TRUE,TRUE,"gradient",2,88,485.210786107696,2.30680557984833e-05,7.34239106257112e-09
"R","gaussian","dense","CGLS",34.0000000000007,33.9999999999998,67.0000000000002,TRUE,TRUE,"gradient",2,88,485.210786107696,2.30680558219851e-05,7.34239107005158e-09
"R","gaussian","dense","CRLS",33.0000000000001,32.5,49.0000000000002,TRUE,TRUE,"gradient",2,85,485.210786107697,2.31958613078861e-05,7.38307060826774e-09
"R","gaussian","dense","LSQR",34.5,33.9999999999998,50.5,TRUE,TRUE,"gradient",2,88,485.210786107696,2.30680558510252e-05,7.3423910792948e-09
"R","gaussian","dense","LSMR",33.4999999999996,33.0000000000001,48.5000000000002,TRUE,TRUE,"gradient",2,85,485.210786107697,2.31958613067468e-05,7.38307060790509e-09
"R","gaussian","sparse","Spectral-MM",4.90909090909085,4.81818181818181,5.00000000000006,FALSE,TRUE,"stalled_step",25,65,483.695498438498,2.50118678009587e-06,1.19081384871064e-08
"R","gaussian","sparse","CG",2.15999999999998,2.12,2.16000000000001,TRUE,TRUE,"gradient",2,50,483.695498438498,1.42060573499851e-06,6.76349721762539e-09
"R","gaussian","sparse","CGLS",2.19230769230771,2.19230769230767,2.23076923076922,TRUE,TRUE,"gradient",2,50,483.695498438498,1.42060572959459e-06,6.76349719189734e-09
"R","gaussian","sparse","CRLS",2.15384615384616,2.1153846153846,2.19230769230771,TRUE,TRUE,"gradient",2,50,483.695498438498,1.43109261034404e-06,6.81342518178436e-09
"R","gaussian","sparse","LSQR",2.23529411764707,2.23529411764702,2.29411764705886,TRUE,TRUE,"gradient",2,50,483.695498438498,1.42060572940214e-06,6.76349719098107e-09
"R","gaussian","sparse","LSMR",2.26923076923078,2.23076923076926,2.26923076923078,TRUE,TRUE,"gradient",2,50,483.695498438498,1.43109260991496e-06,6.8134251797415e-09
"R","bernoulli","dense","Spectral-MM",216.999999999999,215.999999999999,247,TRUE,TRUE,"gradient",54,297,3.20979443392734e-05,5.65457140450395e-06,6.21297564186355e-09
"R","bernoulli","dense","CG",645,643.999999999998,645,TRUE,TRUE,"gradient",11,1789,2.92007905209311e-06,4.80664729482099e-06,5.28131673038302e-09
"R","bernoulli","dense","CGLS",643.000000000001,634,649.000000000001,TRUE,TRUE,"gradient",11,1789,2.92380550723959e-06,4.84340899075085e-06,5.32170874332743e-09
"R","bernoulli","dense","CRLS",631,628,663,TRUE,TRUE,"gradient",11,1754,2.96157348090465e-06,4.8120955009584e-06,5.28730296162888e-09
"R","bernoulli","dense","LSQR",644,637.999999999998,646.999999999998,TRUE,TRUE,"gradient",11,1789,2.92005821358772e-06,4.80081486198899e-06,5.2749083290161e-09
"R","bernoulli","dense","LSMR",631,623.999999999999,665.000000000001,TRUE,TRUE,"gradient",11,1754,2.96130965550716e-06,4.81037968505376e-06,5.28541770425765e-09
"R","bernoulli","sparse","Spectral-MM",53.0000000000008,52.9999999999973,53.9999999999985,TRUE,TRUE,"gradient",86,546,1.33935249844918e-05,5.1520561677852e-07,5.11659266303169e-09
"R","bernoulli","sparse","CG",103.999999999999,102.999999999998,104.000000000003,TRUE,TRUE,"gradient",16,2605,9.28943971107991e-07,2.61167347957182e-07,2.59369636677624e-09
"R","bernoulli","sparse","CGLS",103.999999999999,103.000000000002,105,TRUE,TRUE,"gradient",16,2605,9.1502407991549e-07,2.01694540008684e-07,2.00306202023729e-09
"R","bernoulli","sparse","CRLS",103.000000000002,102.999999999998,104.000000000003,TRUE,TRUE,"gradient",16,2591,9.06677486875023e-07,1.34785515992923e-07,1.3385773752323e-09
"R","bernoulli","sparse","LSQR",106.000000000002,106.000000000002,106.999999999999,TRUE,TRUE,"gradient",16,2605,9.35822820034424e-07,2.95118552830238e-07,2.93087142872679e-09
"R","bernoulli","sparse","LSMR",105.999999999998,105,107.000000000003,TRUE,TRUE,"gradient",16,2591,9.0674034515377e-07,1.35247751845868e-07,1.34316791636141e-09
"R","probit","dense","Spectral-MM",155.000000000001,153.999999999996,155.000000000001,TRUE,TRUE,"gradient",37,175,4.75040134122735e-06,1.06149166145652e-05,6.68121191953698e-09
"R","probit","dense","CG",643.000000000001,641.999999999996,643.000000000001,TRUE,TRUE,"gradient",11,1783,2.11849333657597e-08,4.49326175034972e-07,2.82813657931555e-10
"R","probit","dense","CGLS",643.000000000001,639.000000000003,677,TRUE,TRUE,"gradient",11,1783,2.11958137734151e-08,4.46865344709098e-07,2.81264768806734e-10
"R","probit","dense","CRLS",633.000000000003,624.000000000002,661.000000000001,TRUE,TRUE,"gradient",11,1744,2.1247109185899e-08,4.62762546234076e-07,2.91270742115108e-10
"R","probit","dense","LSQR",646.000000000001,640.999999999998,648.000000000003,TRUE,TRUE,"gradient",11,1783,2.11811648247168e-08,4.4874097979683e-07,2.82445325937786e-10
"R","probit","dense","LSMR",632.000000000005,630.999999999993,665.999999999997,TRUE,TRUE,"gradient",11,1744,2.12477797050941e-08,4.62706893918066e-07,2.91235713585863e-10
"R","probit","sparse","Spectral-MM",51.9999999999996,51.0000000000019,53.0000000000044,TRUE,TRUE,"gradient",76,451,7.01113581485426e-06,1.43026790751789e-06,9.0660989700172e-09
"R","probit","sparse","CG",88.9999999999986,88.9999999999986,89.9999999999963,TRUE,TRUE,"gradient",14,2216,3.23759550105757e-07,1.21482505051784e-06,7.70046232692466e-09
"R","probit","sparse","CGLS",90.0000000000034,89.0000000000057,91.0000000000011,TRUE,TRUE,"gradient",14,2218,3.2527460125391e-07,1.25314672151427e-06,7.94337350470044e-09
"R","probit","sparse","CRLS",94.9999999999989,94.0000000000012,95.000000000006,TRUE,TRUE,"gradient",16,2347,6.57823730389691e-08,8.64290909013519e-07,5.47851691198258e-09
"R","probit","sparse","LSQR",92.9999999999964,91.0000000000011,94.0000000000012,TRUE,TRUE,"gradient",14,2216,3.23266983057962e-07,1.20892818529057e-06,7.66308362082194e-09
"R","probit","sparse","LSMR",98.9999999999966,97.999999999999,99.9999999999943,TRUE,TRUE,"gradient",16,2351,6.14756821236324e-08,8.10385238508334e-07,5.13682278511563e-09
"R","poisson","dense","Spectral-MM",109.000000000002,109.000000000002,111.000000000004,FALSE,TRUE,"stalled_step",34,209,-2875.83901787653,8.7342704433543e-05,1.04067282782471e-08
"R","poisson","dense","CG",149.000000000001,147.999999999996,180.999999999997,TRUE,TRUE,"gradient",6,405,-2875.83901787653,4.43547547699037e-06,5.2847903409023e-10
"R","poisson","dense","CGLS",152.000000000001,150.999999999996,153.999999999996,TRUE,TRUE,"gradient",6,409,-2875.83901787653,5.0810300408661e-06,6.05395715095324e-10
"R","poisson","dense","CRLS",137.999999999998,137,139.000000000003,TRUE,TRUE,"gradient",6,372,-2875.83901787653,4.74977396294208e-06,5.65927141093289e-10
"R","poisson","dense","LSQR",152.000000000001,150.999999999996,183,TRUE,TRUE,"gradient",6,407,-2875.83901787653,5.10383096829981e-06,6.08112405147842e-10
"R","poisson","dense","LSMR",140.000000000001,139.000000000003,170.999999999999,TRUE,TRUE,"gradient",6,372,-2875.83901787653,4.75038412259683e-06,5.65999840533665e-10
"R","poisson","sparse","Spectral-MM",7.37500000000058,7.24999999999998,7.4999999999994,TRUE,TRUE,"gradient",30,81,1040.78529004025,1.62260231601744e-06,5.85321460959886e-09
"R","poisson","sparse","CG",5.88888888888859,5.77777777777773,5.99999999999944,TRUE,TRUE,"gradient",5,134,1040.78529004025,2.74843445191613e-06,9.91442975809694e-09
"R","poisson","sparse","CGLS",6.00000000000023,5.88888888888859,6.00000000000023,TRUE,TRUE,"gradient",5,134,1040.78529004025,2.74842323194943e-06,9.91438928430226e-09
"R","poisson","sparse","CRLS",5.66666666666688,5.55555555555603,5.66666666666688,TRUE,TRUE,"gradient",5,129,1040.78529004025,2.73714730595336e-06,9.87371362759607e-09
"R","poisson","sparse","LSQR",6.11111111111108,6.11111111111108,6.22222222222272,TRUE,TRUE,"gradient",5,134,1040.78529004025,2.74842235442919e-06,9.9143861188228e-09
"R","poisson","sparse","LSMR",5.88888888888859,5.88888888888859,6.00000000000023,TRUE,TRUE,"gradient",5,129,1040.78529004025,2.73715041046641e-06,9.87372482650843e-09
"R","gamma","dense","Spectral-MM",85.9999999999985,85.000000000008,87.0000000000033,FALSE,TRUE,"stalled_step",59,143,2636.0461504058,9.0384338468993e-05,2.67886716960441e-08
"R","gamma","dense","CG",706.999999999994,700.999999999993,736.999999999995,TRUE,TRUE,"gradient",45,1902,2636.04615040579,2.53044573050151e-05,7.49989224541555e-09
"R","gamma","dense","CGLS",719.000000000008,710.999999999999,747.99999999999,TRUE,TRUE,"gradient",45,1902,2636.04615040579,2.53044576637556e-05,7.49989235174126e-09
"R","gamma","dense","CRLS",709.000000000003,706.999999999994,715.000000000003,TRUE,TRUE,"gradient",49,1896,2636.04615040579,1.82444746698922e-05,5.40741073594517e-09
"R","gamma","dense","LSQR",722.000000000008,712.000000000003,722.999999999999,TRUE,TRUE,"gradient",45,1902,2636.04615040579,2.53044573367847e-05,7.4998922548316e-09
"R","gamma","dense","LSMR",722.999999999999,714.000000000013,754.999999999995,TRUE,TRUE,"gradient",49,1896,2636.04615040579,1.82444746407881e-05,5.4074107273191e-09
"R","gamma","sparse","Spectral-MM",16.3333333333355,16.3333333333308,16.6666666666657,FALSE,TRUE,"stalled_step",78,126,2681.7513235474,5.41250179609256e-06,3.42697478042704e-08
"R","gamma","sparse","CG",39.0000000000015,38.9999999999944,39.5000000000039,TRUE,TRUE,"gradient",40,862,2681.7513235474,1.48697619039513e-06,9.4149251040589e-09
"R","gamma","sparse","CGLS",40.9999999999968,40.5000000000015,41.0000000000039,TRUE,TRUE,"gradient",41,870,2681.7513235474,7.98238698668944e-07,5.0541209816766e-09
"R","gamma","sparse","CRLS",36.4999999999966,36.0000000000014,36.5000000000038,FALSE,TRUE,"stalled_step",38,792,2681.7513235474,2.67597887145336e-06,1.69432038101987e-08
"R","gamma","sparse","LSQR",41.4999999999992,41.4999999999992,41.5000000000063,TRUE,TRUE,"gradient",40,862,2681.7513235474,1.48697619288142e-06,9.41492511980111e-09
"R","gamma","sparse","LSMR",38.4999999999991,38.0000000000038,39.0000000000015,FALSE,TRUE,"stalled_step",38,792,2681.7513235474,2.67597887278308e-06,1.6943203818618e-08
"R","negative_binomial","dense","Spectral-MM",79.9999999999983,79.0000000000077,111.999999999995,FALSE,TRUE,"stalled_step",39,145,18100.2224839169,0.000123209654948248,2.38828501005813e-08
"R","negative_binomial","dense","CG",493.000000000009,492.999999999995,497.99999999999,TRUE,TRUE,"gradient",28,1335,18100.2224839169,2.57032288987566e-05,4.98229106434698e-09
"R","negative_binomial","dense","CGLS",497.99999999999,495.999999999995,501.000000000005,TRUE,TRUE,"gradient",28,1335,18100.2224839169,2.5703229705855e-05,4.98229122079423e-09
"R","negative_binomial","dense","CRLS",445.999999999998,441.999999999993,474.000000000004,TRUE,TRUE,"gradient",28,1193,18100.2224839169,3.78697580299991e-05,7.34064026683335e-09
"R","negative_binomial","dense","LSQR",501.999999999995,500,536.000000000001,TRUE,TRUE,"gradient",28,1335,18100.2224839169,2.57032289120096e-05,4.98229106691593e-09
"R","negative_binomial","dense","LSMR",449.999999999989,447.999999999993,453.999999999994,TRUE,TRUE,"gradient",28,1193,18100.2224839169,3.78697581318801e-05,7.34064028658187e-09
"R","negative_binomial","sparse","Spectral-MM",8.83333333333288,8.66666666666779,9.00000000000034,FALSE,TRUE,"stalled_step",34,85,17407.7210033317,3.73471388854222e-06,1.71579196018385e-08
"R","negative_binomial","sparse","CG",17.9999999999959,17.6666666666658,18.3333333333309,TRUE,TRUE,"gradient",17,405,17407.7210033317,1.34019840163118e-06,6.15710255509718e-09
"R","negative_binomial","sparse","CGLS",18.6666666666658,18.3333333333309,18.6666666666705,TRUE,TRUE,"gradient",17,405,17407.7210033317,1.34019840916882e-06,6.15710258972638e-09
"R","negative_binomial","sparse","CRLS",16.5000000000006,16.4999999999971,16.7500000000018,FALSE,TRUE,"stalled_step",16,372,17407.7210033317,3.80156653587147e-06,1.74650521914498e-08
"R","negative_binomial","sparse","LSQR",18.999999999996,18.999999999996,19.0000000000007,TRUE,TRUE,"gradient",17,405,17407.7210033317,1.3401984017657e-06,6.15710255571519e-09
"R","negative_binomial","sparse","LSMR",17.6666666666658,17.3333333333308,17.6666666666705,FALSE,TRUE,"stalled_step",16,372,17407.7210033317,3.80156653199682e-06,1.7465052173649e-08
"R","smooth_quantile","dense","Spectral-MM",238,235.000000000014,251.000000000005,FALSE,TRUE,"stalled_step",40,566,365.31676238059,2.04333574018928e-05,2.74262209432972e-08
"R","smooth_quantile","dense","CG",1727,1718.99999999999,1732.99999999998,TRUE,TRUE,"gradient",29,4876,365.316762380588,6.18915701975417e-07,8.30725878953266e-10
"R","smooth_quantile","dense","CGLS",1179,1176,1183.00000000002,TRUE,TRUE,"gradient",20,3319,365.316762380588,5.92563039932192e-07,7.95354602592458e-10
"R","smooth_quantile","dense","CRLS",1125.99999999998,1121.00000000001,1153.00000000001,TRUE,TRUE,"gradient",21,3141,365.316762380588,5.86166009059598e-07,7.86768329732736e-10
"R","smooth_quantile","dense","LSQR",1183.00000000002,1178,1196.00000000001,TRUE,TRUE,"gradient",20,3325,365.316762380588,6.10405850825044e-07,8.19303719919182e-10
"R","smooth_quantile","dense","LSMR",1259.99999999999,1253.99999999999,1291,TRUE,TRUE,"gradient",23,3515,365.316762380588,4.68630601950813e-06,6.29009035426686e-09
"R","smooth_quantile","sparse","Spectral-MM",19.6666666666658,19.6666666666658,20.0000000000008,TRUE,TRUE,"gradient",43,355,375.289042430369,2.49066220140768e-06,9.24612520799888e-09
"R","smooth_quantile","sparse","CG",87.9999999999939,86.9999999999891,87.9999999999939,TRUE,TRUE,"gradient",19,2252,375.289042430368,8.35007086477216e-07,3.09981018974437e-09
"R","smooth_quantile","sparse","CGLS",87.9999999999939,86.9999999999891,88.9999999999986,TRUE,TRUE,"gradient",19,2251,375.289042430368,1.42888834651051e-06,5.30448510946992e-09
"R","smooth_quantile","sparse","CRLS",78.000000000003,78.000000000003,78.000000000003,TRUE,TRUE,"gradient",19,1990,375.289042430368,4.91293495905033e-07,1.82383671878348e-09
"R","smooth_quantile","sparse","LSQR",90.0000000000034,90.0000000000034,91.0000000000082,TRUE,TRUE,"gradient",19,2250,375.289042430368,1.2596727698733e-06,4.6763034123104e-09
"R","smooth_quantile","sparse","LSMR",80.9999999999889,79.9999999999841,81.0000000000173,TRUE,TRUE,"gradient",19,1988,375.289042430367,3.10510235296353e-07,1.15271212302199e-09
"R","expectile","dense","Spectral-MM",62.0000000000118,61.000000000007,63.999999999993,FALSE,TRUE,"stalled_step",28,112,186.813266767015,1.41504658199701e-05,1.14706120155085e-08
"R","expectile","dense","CG",88.9999999999986,86.9999999999891,91.0000000000082,TRUE,TRUE,"gradient",5,234,186.813266767015,4.42741116455202e-07,3.58893596492318e-10
"R","expectile","dense","CGLS",91.0000000000082,86.9999999999891,121.000000000009,TRUE,TRUE,"gradient",5,234,186.813266767015,4.42741084168842e-07,3.58893570320437e-10
"R","expectile","dense","CRLS",84.0000000000032,81.0000000000173,120.000000000005,TRUE,TRUE,"gradient",5,218,186.813266767015,4.28598788086725e-07,3.47429580835548e-10
"R","expectile","dense","LSQR",90.0000000000034,88.9999999999986,93.9999999999941,TRUE,TRUE,"gradient",5,234,186.813266767015,4.42741100485287e-07,3.58893583546829e-10
"R","expectile","dense","LSMR",84.0000000000032,81.9999999999936,116.99999999999,TRUE,TRUE,"gradient",5,218,186.813266767015,4.2859877758697e-07,3.47429572324265e-10
"R","expectile","sparse","Spectral-MM",5.88888888888859,5.88888888888859,6.11111111111187,TRUE,TRUE,"gradient",25,72,188.590133457428,3.83916949589598e-06,9.93240242703649e-09
"R","expectile","sparse","CG",5.7777777777801,5.77777777777694,5.88888888888859,TRUE,TRUE,"gradient",5,136,188.590133457427,4.29843186132275e-08,1.11205705029413e-10
"R","expectile","sparse","CGLS",5.81818181818118,5.81818181818118,6.00000000000023,TRUE,TRUE,"gradient",5,136,188.590133457427,4.29843256561508e-08,1.1120572325032e-10
"R","expectile","sparse","CRLS",5.55555555555366,5.44444444444202,5.55555555555682,TRUE,TRUE,"gradient",5,130,188.590133457427,5.10382740109306e-08,1.32042275601487e-10
"R","expectile","sparse","LSQR",6.00000000000023,5.88888888888859,6.11111111111187,TRUE,TRUE,"gradient",5,136,188.590133457427,4.29843129963843e-08,1.11205690497951e-10
"R","expectile","sparse","LSMR",5.77777777777694,5.77777777777694,5.7777777777801,TRUE,TRUE,"gradient",5,130,188.590133457427,5.10382744558686e-08,1.32042276752597e-10
"R","pseudo_huber","dense","Spectral-MM",66.9999999999789,66.0000000000025,67.9999999999836,TRUE,TRUE,"gradient",30,128,786.235928910014,1.14608957702636e-05,7.54965811679291e-09
"R","pseudo_huber","dense","CG",185.999999999979,183.999999999997,186.000000000007,TRUE,TRUE,"gradient",9,510,786.235928910013,5.60338926198998e-06,3.69113148494849e-09
"R","pseudo_huber","dense","CGLS",188.000000000017,186.000000000007,231.999999999999,TRUE,TRUE,"gradient",9,510,786.235928910014,5.60286446264513e-06,3.6907857828574e-09
"R","pseudo_huber","dense","CRLS",171.000000000021,169.999999999987,173.000000000002,TRUE,TRUE,"gradient",9,470,786.235928910015,5.7469744164946e-06,3.78571561247972e-09
"R","pseudo_huber","dense","LSQR",187.000000000012,186.000000000007,221.000000000004,TRUE,TRUE,"gradient",9,510,786.235928910013,5.60339099417393e-06,3.69113262599339e-09
"R","pseudo_huber","dense","LSMR",174.999999999983,173.000000000002,177.999999999997,TRUE,TRUE,"gradient",9,470,786.235928910015,5.74697436802541e-06,3.78571558055152e-09
"R","pseudo_huber","sparse","Spectral-MM",7.42857142857036,7.28571428571253,7.57142857142818,TRUE,TRUE,"gradient",26,77,794.578687076728,2.9826459539108e-06,6.16529002678227e-09
"R","pseudo_huber","sparse","CG",13.5000000000005,13.5000000000005,13.5000000000005,TRUE,TRUE,"gradient",10,319,794.578687076728,1.95579268978419e-06,4.0427289564723e-09
"R","pseudo_huber","sparse","CGLS",13.9999999999958,13.7500000000017,14.2500000000041,TRUE,TRUE,"gradient",10,319,794.578687076728,1.95579268735398e-06,4.04272895144893e-09
"R","pseudo_huber","sparse","CRLS",12.9999999999981,12.7499999999969,12.9999999999981,TRUE,TRUE,"gradient",10,303,794.578687076728,1.96809522129437e-06,4.06815895252142e-09
"R","pseudo_huber","sparse","LSQR",14.249999999997,13.9999999999958,14.4999999999982,TRUE,TRUE,"gradient",10,319,794.578687076728,1.95579269061486e-06,4.04272895818933e-09
"R","pseudo_huber","sparse","LSMR",13.5000000000005,13.5000000000005,13.5000000000005,TRUE,TRUE,"gradient",10,303,794.578687076728,1.96809522718805e-06,4.06815896470397e-09
"R","student_t","dense","Spectral-MM",76.9999999999982,75.9999999999934,113,FALSE,TRUE,"stalled_step",43,118,785.179632077846,0.000105627481802086,5.28267201218461e-08
"R","student_t","dense","CG",371.000000000009,370.000000000005,375,TRUE,TRUE,"gradient",24,976,785.17963207783,1.70677452912474e-05,8.53596988424921e-09
"R","student_t","dense","CGLS",375,372.99999999999,409.999999999997,TRUE,TRUE,"gradient",24,976,785.17963207783,1.70677453571294e-05,8.5359699171983e-09
"R","student_t","dense","CRLS",355.999999999995,352.000000000004,385.999999999996,TRUE,TRUE,"gradient",25,927,785.179632077827,1.42715860351649e-05,7.13754667168084e-09
"R","student_t","dense","LSQR",377.00000000001,375.999999999976,377.999999999986,TRUE,TRUE,"gradient",24,976,785.17963207783,1.7067745206297e-05,8.53596984176355e-09
"R","student_t","dense","LSMR",361.999999999995,356.999999999999,363,TRUE,TRUE,"gradient",25,926,785.17963207783,1.23925023775687e-05,6.19777394613801e-09
"R","student_t","sparse","Spectral-MM",9.39999999999941,9.39999999999941,9.60000000000036,TRUE,TRUE,"gradient",42,79,788.252791842302,5.88751152360954e-06,8.82286676796845e-09
"R","student_t","sparse","CG",25.9999999999962,25.4999999999939,26.0000000000105,TRUE,TRUE,"gradient",25,575,788.2527918423,4.68396862519855e-06,7.01926967951559e-09
"R","student_t","sparse","CGLS",26.4999999999986,25.9999999999962,26.4999999999986,TRUE,TRUE,"gradient",25,575,788.2527918423,4.68396861917918e-06,7.01926967049513e-09
"R","student_t","sparse","CRLS",24.5000000000033,24.5000000000033,25.0000000000057,TRUE,TRUE,"gradient",25,550,788.252791842299,4.15641538271286e-06,6.22869254810858e-09
"R","student_t","sparse","LSQR",27.000000000001,26.4999999999986,27.5000000000034,TRUE,TRUE,"gradient",25,575,788.2527918423,4.68396863292594e-06,7.01926969109566e-09
"R","student_t","sparse","LSMR",26.4999999999986,25.9999999999962,26.5000000000128,TRUE,TRUE,"gradient",25,550,788.252791842299,4.15641538796847e-06,6.2286925559845e-09
