"language","case","method","sample","batch","time_ms"
"R","gaussian_dense_p1000","CG",1,1,174
"R","gaussian_dense_p1000","CG",2,1,257
"R","gaussian_dense_p1000","CG",3,1,161
"R","gaussian_dense_p1000","CRLS",1,1,175.000000000001
"R","gaussian_dense_p1000","CRLS",2,1,201
"R","gaussian_dense_p1000","CRLS",3,1,228.999999999999
"R","gaussian_dense_p1000","Spectral-MM",1,1,504.999999999999
"R","gaussian_dense_p1000","Spectral-MM",2,1,458
"R","gaussian_dense_p1000","Spectral-MM",3,1,641
"R","gaussian_dense_p1000","CGLS",1,1,245.000000000001
"R","gaussian_dense_p1000","CGLS",2,1,481
"R","gaussian_dense_p1000","CGLS",3,1,354.999999999999
"R","gaussian_dense_p1000","GLM",1,1,2061
"R","gaussian_dense_p1000","GLM",2,1,2049
"R","gaussian_dense_p1000","GLM",3,1,2080
"R","gaussian_dense_p1000","LSMR",1,1,177.999999999997
"R","gaussian_dense_p1000","LSMR",2,1,163
"R","gaussian_dense_p1000","LSMR",3,1,161.999999999999
"R","gaussian_dense_p1000","LSQR",1,1,260.000000000002
"R","gaussian_dense_p1000","LSQR",2,1,159.000000000002
"R","gaussian_dense_p1000","LSQR",3,1,202.000000000002
"R","gaussian_sparse_p1000","CG",1,7,8.42857142857107
"R","gaussian_sparse_p1000","CG",2,7,7.7142857142855
"R","gaussian_sparse_p1000","CG",3,7,8.00000000000013
"R","gaussian_sparse_p1000","CRLS",1,8,8.87500000000019
"R","gaussian_sparse_p1000","CRLS",2,8,8.25000000000031
"R","gaussian_sparse_p1000","CRLS",3,8,8.12500000000016
"R","gaussian_sparse_p1000","Spectral-MM",1,3,19.666666666667
"R","gaussian_sparse_p1000","Spectral-MM",2,3,16.6666666666669
"R","gaussian_sparse_p1000","Spectral-MM",3,3,17.3333333333332
"R","gaussian_sparse_p1000","CGLS",1,8,9.37499999999991
"R","gaussian_sparse_p1000","CGLS",2,8,10.5
"R","gaussian_sparse_p1000","CGLS",3,8,8.00000000000001
"R","gaussian_sparse_p1000","GLM",1,1,3455
"R","gaussian_sparse_p1000","GLM",2,1,2147
"R","gaussian_sparse_p1000","GLM",3,1,1979
"R","gaussian_sparse_p1000","LSMR",1,8,8.75000000000004
"R","gaussian_sparse_p1000","LSMR",2,8,10.1250000000004
"R","gaussian_sparse_p1000","LSMR",3,8,8.12499999999972
"R","gaussian_sparse_p1000","LSQR",1,5,10.8000000000004
"R","gaussian_sparse_p1000","LSQR",2,5,7.39999999999981
"R","gaussian_sparse_p1000","LSQR",3,5,9.40000000000083
"R","bernoulli_dense_p1000","CG",1,1,4290
"R","bernoulli_dense_p1000","CG",2,1,3411
"R","bernoulli_dense_p1000","CG",3,1,3369
"R","bernoulli_dense_p1000","CRLS",1,1,3207
"R","bernoulli_dense_p1000","CRLS",2,1,3475
"R","bernoulli_dense_p1000","CRLS",3,1,3345.00000000001
"R","bernoulli_dense_p1000","Spectral-MM",1,1,1149
"R","bernoulli_dense_p1000","Spectral-MM",2,1,1226.99999999999
"R","bernoulli_dense_p1000","Spectral-MM",3,1,1093
"R","bernoulli_dense_p1000","CGLS",1,1,3383
"R","bernoulli_dense_p1000","CGLS",2,1,3415.00000000001
"R","bernoulli_dense_p1000","CGLS",3,1,3702
"R","bernoulli_dense_p1000","GLM",1,1,28572
"R","bernoulli_dense_p1000","GLM",2,1,64549
"R","bernoulli_dense_p1000","GLM",3,1,54113
"R","bernoulli_dense_p1000","LSMR",1,1,3535.99999999997
"R","bernoulli_dense_p1000","LSMR",2,1,3771.99999999999
"R","bernoulli_dense_p1000","LSMR",3,1,3499.00000000002
"R","bernoulli_dense_p1000","LSQR",1,1,3396.99999999999
"R","bernoulli_dense_p1000","LSQR",2,1,3411
"R","bernoulli_dense_p1000","LSQR",3,1,3700.99999999996
"R","bernoulli_sparse_p1000","CG",1,1,408.999999999992
"R","bernoulli_sparse_p1000","CG",2,1,360.000000000014
"R","bernoulli_sparse_p1000","CG",3,1,459.99999999998
"R","bernoulli_sparse_p1000","CRLS",1,1,406.000000000006
"R","bernoulli_sparse_p1000","CRLS",2,1,396.999999999991
"R","bernoulli_sparse_p1000","CRLS",3,1,398.000000000025
"R","bernoulli_sparse_p1000","Spectral-MM",1,1,200.999999999965
"R","bernoulli_sparse_p1000","Spectral-MM",2,1,206.000000000017
"R","bernoulli_sparse_p1000","Spectral-MM",3,1,215.000000000032
"R","bernoulli_sparse_p1000","CGLS",1,1,421.999999999969
"R","bernoulli_sparse_p1000","CGLS",2,1,446.000000000026
"R","bernoulli_sparse_p1000","CGLS",3,1,435.000000000002
"R","bernoulli_sparse_p1000","GLM",1,1,98205
"R","bernoulli_sparse_p1000","GLM",2,1,100003
"R","bernoulli_sparse_p1000","GLM",3,1,98913
"R","bernoulli_sparse_p1000","LSMR",1,1,407.000000000039
"R","bernoulli_sparse_p1000","LSMR",2,1,418.999999999983
"R","bernoulli_sparse_p1000","LSMR",3,1,428.999999999974
"R","bernoulli_sparse_p1000","LSQR",1,1,391.000000000076
"R","bernoulli_sparse_p1000","LSQR",2,1,403.00000000002
"R","bernoulli_sparse_p1000","LSQR",3,1,399.999999999977
"R","probit_dense_p1000","CG",1,1,3387.99999999992
"R","probit_dense_p1000","CG",2,1,3393.00000000003
"R","probit_dense_p1000","CG",3,1,3322
"R","probit_dense_p1000","CRLS",1,1,3097.99999999996
"R","probit_dense_p1000","CRLS",2,1,3437.99999999999
"R","probit_dense_p1000","CRLS",3,1,3274
"R","probit_dense_p1000","Spectral-MM",1,1,763.000000000034
"R","probit_dense_p1000","Spectral-MM",2,1,697.000000000003
"R","probit_dense_p1000","Spectral-MM",3,1,712.999999999965
"R","probit_dense_p1000","CGLS",1,1,3309.99999999995
"R","probit_dense_p1000","CGLS",2,1,3300.00000000007
"R","probit_dense_p1000","CGLS",3,1,3342.99999999996
"R","probit_dense_p1000","GLM",1,1,38218.9999999999
"R","probit_dense_p1000","GLM",2,1,39316
"R","probit_dense_p1000","GLM",3,1,35352
"R","probit_dense_p1000","LSMR",1,1,3550.99999999993
"R","probit_dense_p1000","LSMR",2,1,3325.99999999991
"R","probit_dense_p1000","LSMR",3,1,3352.00000000009
"R","probit_dense_p1000","LSQR",1,1,3167.00000000003
"R","probit_dense_p1000","LSQR",2,1,2938.99999999996
"R","probit_dense_p1000","LSQR",3,1,3177.00000000002
"R","probit_sparse_p1000","CG",1,1,379.000000000019
"R","probit_sparse_p1000","CG",2,1,337.999999999965
"R","probit_sparse_p1000","CG",3,1,376.999999999953
"R","probit_sparse_p1000","CRLS",1,1,355.999999999995
"R","probit_sparse_p1000","CRLS",2,1,359.000000000037
"R","probit_sparse_p1000","CRLS",3,1,350.999999999999
"R","probit_sparse_p1000","Spectral-MM",1,1,172.000000000025
"R","probit_sparse_p1000","Spectral-MM",2,1,210.000000000036
"R","probit_sparse_p1000","Spectral-MM",3,1,198.999999999955
"R","probit_sparse_p1000","CGLS",1,1,365.999999999985
"R","probit_sparse_p1000","CGLS",2,1,341.000000000008
"R","probit_sparse_p1000","CGLS",3,1,390.999999999963
"R","probit_sparse_p1000","GLM",1,1,40582
"R","probit_sparse_p1000","GLM",2,1,41336
"R","probit_sparse_p1000","GLM",3,1,40890.0000000001
"R","probit_sparse_p1000","LSMR",1,1,451.000000000022
"R","probit_sparse_p1000","LSMR",2,1,355.000000000018
"R","probit_sparse_p1000","LSMR",3,1,416.999999999916
"R","probit_sparse_p1000","LSQR",1,1,391.000000000076
"R","probit_sparse_p1000","LSQR",2,1,366.999999999962
"R","probit_sparse_p1000","LSQR",3,1,374.000000000024
"R","poisson_dense_p1000","CG",1,1,788.999999999987
"R","poisson_dense_p1000","CG",2,1,796.999999999798
"R","poisson_dense_p1000","CG",3,1,708.999999999833
"R","poisson_dense_p1000","CRLS",1,1,651.000000000067
"R","poisson_dense_p1000","CRLS",2,1,784.000000000106
"R","poisson_dense_p1000","CRLS",3,1,628.999999999905
"R","poisson_dense_p1000","Spectral-MM",1,1,644.999999999982
"R","poisson_dense_p1000","Spectral-MM",2,1,529.999999999973
"R","poisson_dense_p1000","Spectral-MM",3,1,524.000000000115
"R","poisson_dense_p1000","CGLS",1,1,812.999999999874
"R","poisson_dense_p1000","CGLS",2,1,741.999999999962
"R","poisson_dense_p1000","CGLS",3,1,938.999999999851
"R","poisson_dense_p1000","GLM",1,1,11476.0000000001
"R","poisson_dense_p1000","GLM",2,1,11062.9999999999
"R","poisson_dense_p1000","GLM",3,1,10593.0000000001
"R","poisson_dense_p1000","LSMR",1,1,737.999999999829
"R","poisson_dense_p1000","LSMR",2,1,639.000000000124
"R","poisson_dense_p1000","LSMR",3,1,743.999999999915
"R","poisson_dense_p1000","LSQR",1,1,784.999999999854
"R","poisson_dense_p1000","LSQR",2,1,894.000000000005
"R","poisson_dense_p1000","LSQR",3,1,806.00000000004
"R","poisson_sparse_p1000","CG",1,3,19.9999999999818
"R","poisson_sparse_p1000","CG",2,3,19.3333333333309
"R","poisson_sparse_p1000","CG",3,3,20.3333333333831
"R","poisson_sparse_p1000","CRLS",1,3,19.6666666666564
"R","poisson_sparse_p1000","CRLS",2,3,21.000000000034
"R","poisson_sparse_p1000","CRLS",3,3,21.000000000034
"R","poisson_sparse_p1000","Spectral-MM",1,2,32.5000000000273
"R","poisson_sparse_p1000","Spectral-MM",2,2,32.5000000000273
"R","poisson_sparse_p1000","Spectral-MM",3,2,37.499999999909
"R","poisson_sparse_p1000","CGLS",1,3,21.6666666666849
"R","poisson_sparse_p1000","CGLS",2,3,20.9999999999582
"R","poisson_sparse_p1000","CGLS",3,3,20.6666666667085
"R","poisson_sparse_p1000","GLM",1,1,6090.9999999999
"R","poisson_sparse_p1000","GLM",2,1,5182.00000000002
"R","poisson_sparse_p1000","GLM",3,1,6552.99999999988
"R","poisson_sparse_p1000","LSMR",1,3,31.6666666666758
"R","poisson_sparse_p1000","LSMR",2,3,25.3333333333406
"R","poisson_sparse_p1000","LSMR",3,3,24.6666666666897
"R","poisson_sparse_p1000","LSQR",1,2,23.0000000000246
"R","poisson_sparse_p1000","LSQR",2,2,24.4999999999891
"R","poisson_sparse_p1000","LSQR",3,2,24.9999999999773
"R","gamma_dense_p1000","CG",1,1,3796.00000000005
"R","gamma_dense_p1000","CG",2,1,3738.00000000006
"R","gamma_dense_p1000","CG",3,1,3762.99999999992
"R","gamma_dense_p1000","CRLS",1,1,3516.00000000008
"R","gamma_dense_p1000","CRLS",2,1,3642.9999999998
"R","gamma_dense_p1000","CRLS",3,1,3645.99999999996
"R","gamma_dense_p1000","Spectral-MM",1,1,536.000000000058
"R","gamma_dense_p1000","Spectral-MM",2,1,417.999999999893
"R","gamma_dense_p1000","Spectral-MM",3,1,431.00000000004
"R","gamma_dense_p1000","CGLS",1,1,3705.00000000015
"R","gamma_dense_p1000","CGLS",2,1,3598.99999999993
"R","gamma_dense_p1000","CGLS",3,1,3575.00000000005
"R","gamma_dense_p1000","GLM",1,1,730592
"R","gamma_dense_p1000","GLM",2,1,579528
"R","gamma_dense_p1000","GLM",3,1,1016019
"R","gamma_dense_p1000","LSMR",1,1,3380.9999999994
"R","gamma_dense_p1000","LSMR",2,1,3592.99999999985
"R","gamma_dense_p1000","LSMR",3,1,3975.00000000036
"R","gamma_dense_p1000","LSQR",1,1,3871.00000000009
"R","gamma_dense_p1000","LSQR",2,1,3654.99999999975
"R","gamma_dense_p1000","LSQR",3,1,3690.00000000051
"R","gamma_sparse_p1000","CG",1,1,167.999999999665
"R","gamma_sparse_p1000","CG",2,1,167.000000000371
"R","gamma_sparse_p1000","CG",3,1,164.000000000669
"R","gamma_sparse_p1000","CRLS",1,1,153.999999999542
"R","gamma_sparse_p1000","CRLS",2,1,158.000000000357
"R","gamma_sparse_p1000","CRLS",3,1,190.999999999804
"R","gamma_sparse_p1000","Spectral-MM",1,1,76.0000000000218
"R","gamma_sparse_p1000","Spectral-MM",2,1,81.000000000131
"R","gamma_sparse_p1000","Spectral-MM",3,1,80.9999999992215
"R","gamma_sparse_p1000","CGLS",1,1,179.000000000087
"R","gamma_sparse_p1000","CGLS",2,1,266.000000000531
"R","gamma_sparse_p1000","CGLS",3,1,216.999999999643
"R","gamma_sparse_p1000","GLM",1,1,315611
"R","gamma_sparse_p1000","GLM",2,1,364979
"R","gamma_sparse_p1000","GLM",3,1,1011225
"R","gamma_sparse_p1000","LSMR",1,1,171.999999999571
"R","gamma_sparse_p1000","LSMR",2,1,171.000000000276
"R","gamma_sparse_p1000","LSMR",3,1,145.999999999731
"R","gamma_sparse_p1000","LSQR",1,1,165.999999999258
"R","gamma_sparse_p1000","LSQR",2,1,193.000000000211
"R","gamma_sparse_p1000","LSQR",3,1,153.000000000247
"R","negative_binomial_dense_p1000","CG",1,1,2670.99999999937
"R","negative_binomial_dense_p1000","CG",2,1,2887.99999999992
"R","negative_binomial_dense_p1000","CG",3,1,2953.00000000043
"R","negative_binomial_dense_p1000","CRLS",1,1,2474.00000000016
"R","negative_binomial_dense_p1000","CRLS",2,1,2484.00000000038
"R","negative_binomial_dense_p1000","CRLS",3,1,2697.99999999941
"R","negative_binomial_dense_p1000","Spectral-MM",1,1,435.999999999694
"R","negative_binomial_dense_p1000","Spectral-MM",2,1,513.000000000829
"R","negative_binomial_dense_p1000","Spectral-MM",3,1,380.000000000109
"R","negative_binomial_dense_p1000","CGLS",1,1,2582.99999999963
"R","negative_binomial_dense_p1000","CGLS",2,1,2729.00000000027
"R","negative_binomial_dense_p1000","CGLS",3,1,2523.99999999943
"R","negative_binomial_dense_p1000","GLM",1,1,17681.9999999998
"R","negative_binomial_dense_p1000","GLM",2,1,16982
"R","negative_binomial_dense_p1000","GLM",3,1,17149.9999999996
"R","negative_binomial_dense_p1000","LSMR",1,1,2251.0000000002
"R","negative_binomial_dense_p1000","LSMR",2,1,2350.00000000036
"R","negative_binomial_dense_p1000","LSMR",3,1,2426.00000000039
"R","negative_binomial_dense_p1000","LSQR",1,1,2622.0000000003
"R","negative_binomial_dense_p1000","LSQR",2,1,2555.00000000029
"R","negative_binomial_dense_p1000","LSQR",3,1,2766.00000000053
"R","negative_binomial_sparse_p1000","CG",1,1,60.9999999996944
"R","negative_binomial_sparse_p1000","CG",2,1,67.0000000000073
"R","negative_binomial_sparse_p1000","CG",3,1,65.9999999998035
"R","negative_binomial_sparse_p1000","CRLS",1,1,59.0000000001965
"R","negative_binomial_sparse_p1000","CRLS",2,1,63.0000000001019
"R","negative_binomial_sparse_p1000","CRLS",3,1,63.0000000001019
"R","negative_binomial_sparse_p1000","Spectral-MM",1,2,34.5000000002074
"R","negative_binomial_sparse_p1000","Spectral-MM",2,2,36.9999999998072
"R","negative_binomial_sparse_p1000","Spectral-MM",3,2,40.5000000000655
"R","negative_binomial_sparse_p1000","CGLS",1,1,74.0000000005239
"R","negative_binomial_sparse_p1000","CGLS",2,1,71.0000000008222
"R","negative_binomial_sparse_p1000","CGLS",3,1,70.9999999999127
"R","negative_binomial_sparse_p1000","GLM",1,1,13156.9999999992
"R","negative_binomial_sparse_p1000","GLM",2,1,13128.0000000006
"R","negative_binomial_sparse_p1000","GLM",3,1,5224.00000000016
"R","negative_binomial_sparse_p1000","LSMR",1,3,18.0000000000291
"R","negative_binomial_sparse_p1000","LSMR",2,3,18.0000000000291
"R","negative_binomial_sparse_p1000","LSMR",3,3,18.0000000000291
"R","negative_binomial_sparse_p1000","LSQR",1,3,18.9999999999297
"R","negative_binomial_sparse_p1000","LSQR",2,3,19.3333333333309
"R","negative_binomial_sparse_p1000","LSQR",3,3,19.3333333333309
"R","smooth_quantile_dense_p1000","CG",1,1,2422.99999999977
"R","smooth_quantile_dense_p1000","CG",2,1,9226.99999999986
"R","smooth_quantile_dense_p1000","CG",3,1,8989.00000000049
"R","smooth_quantile_dense_p1000","CRLS",1,1,5850.99999999966
"R","smooth_quantile_dense_p1000","CRLS",2,1,5704.00000000063
"R","smooth_quantile_dense_p1000","CRLS",3,1,5599.00000000016
"R","smooth_quantile_dense_p1000","LSMR",1,1,6743.99999999969
"R","smooth_quantile_dense_p1000","LSMR",2,1,6559.99999999949
"R","smooth_quantile_dense_p1000","LSMR",3,1,6603.00000000007
"R","smooth_quantile_dense_p1000","CGLS",1,1,5955.99999999922
"R","smooth_quantile_dense_p1000","CGLS",2,1,6048.00000000068
"R","smooth_quantile_dense_p1000","CGLS",3,1,6344.00000000005
"R","smooth_quantile_dense_p1000","LSQR",1,1,6139.00000000012
"R","smooth_quantile_dense_p1000","LSQR",2,1,6318.9999999995
"R","smooth_quantile_dense_p1000","LSQR",3,1,6023.99999999943
"R","smooth_quantile_dense_p1000","Spectral-MM",1,1,1269.99999999953
"R","smooth_quantile_dense_p1000","Spectral-MM",2,1,1502.00000000041
"R","smooth_quantile_dense_p1000","Spectral-MM",3,1,1293.00000000057
"R","smooth_quantile_sparse_p1000","CG",1,1,353.000000000065
"R","smooth_quantile_sparse_p1000","CG",2,1,311.999999999898
"R","smooth_quantile_sparse_p1000","CG",3,1,345.000000000255
"R","smooth_quantile_sparse_p1000","CRLS",1,1,290.999999999258
"R","smooth_quantile_sparse_p1000","CRLS",2,1,259.000000000015
"R","smooth_quantile_sparse_p1000","CRLS",3,1,277.000000000044
"R","smooth_quantile_sparse_p1000","LSMR",1,1,302.999999999884
"R","smooth_quantile_sparse_p1000","LSMR",2,1,274.999999999636
"R","smooth_quantile_sparse_p1000","LSMR",3,1,277.000000000044
"R","smooth_quantile_sparse_p1000","CGLS",1,1,322.000000000116
"R","smooth_quantile_sparse_p1000","CGLS",2,1,332.000000000335
"R","smooth_quantile_sparse_p1000","CGLS",3,1,292.999999999665
"R","smooth_quantile_sparse_p1000","LSQR",1,1,364.999999999782
"R","smooth_quantile_sparse_p1000","LSQR",2,1,358.000000000175
"R","smooth_quantile_sparse_p1000","LSQR",3,1,355.999999999767
"R","smooth_quantile_sparse_p1000","Spectral-MM",1,1,64.0000000003056
"R","smooth_quantile_sparse_p1000","Spectral-MM",2,1,65.9999999998035
"R","smooth_quantile_sparse_p1000","Spectral-MM",3,1,60.9999999996944
"R","expectile_dense_p1000","CG",1,1,356.999999999971
"R","expectile_dense_p1000","CG",2,1,436.999999999898
"R","expectile_dense_p1000","CG",3,1,549.999999999272
"R","expectile_dense_p1000","CRLS",1,1,452.99999999952
"R","expectile_dense_p1000","CRLS",2,1,340.000000000146
"R","expectile_dense_p1000","CRLS",3,1,394.000000000233
"R","expectile_dense_p1000","LSMR",1,1,355.999999999767
"R","expectile_dense_p1000","LSMR",2,1,457.999999999629
"R","expectile_dense_p1000","LSMR",3,1,414.999999999964
"R","expectile_dense_p1000","CGLS",1,1,375.999999999294
"R","expectile_dense_p1000","CGLS",2,1,383.00000000072
"R","expectile_dense_p1000","CGLS",3,1,381.999999999607
"R","expectile_dense_p1000","LSQR",1,1,363.000000000284
"R","expectile_dense_p1000","LSQR",2,1,391.999999999825
"R","expectile_dense_p1000","LSQR",3,1,564.9999999996
"R","expectile_dense_p1000","Spectral-MM",1,1,349.999999999454
"R","expectile_dense_p1000","Spectral-MM",2,1,259.000000000015
"R","expectile_dense_p1000","Spectral-MM",3,1,259.000000000015
"R","expectile_sparse_p1000","CG",1,3,25.0000000002425
"R","expectile_sparse_p1000","CG",2,3,18.0000000000291
"R","expectile_sparse_p1000","CG",3,3,18.0000000000291
"R","expectile_sparse_p1000","CRLS",1,3,18.3333333334303
"R","expectile_sparse_p1000","CRLS",2,3,17.3333333332266
"R","expectile_sparse_p1000","CRLS",3,3,17.3333333335298
"R","expectile_sparse_p1000","LSMR",1,3,18.0000000000291
"R","expectile_sparse_p1000","LSMR",2,3,17.6666666666279
"R","expectile_sparse_p1000","LSMR",3,3,17.3333333332266
"R","expectile_sparse_p1000","CGLS",1,3,20.0000000001334
"R","expectile_sparse_p1000","CGLS",2,3,22.9999999998351
"R","expectile_sparse_p1000","CGLS",3,3,22.3333333333358
"R","expectile_sparse_p1000","LSQR",1,3,27.3333333331417
"R","expectile_sparse_p1000","LSQR",2,3,31.0000000002522
"R","expectile_sparse_p1000","LSQR",3,3,31.3333333333503
"R","expectile_sparse_p1000","Spectral-MM",1,3,34.3333333333552
"R","expectile_sparse_p1000","Spectral-MM",2,3,23.3333333332363
"R","expectile_sparse_p1000","Spectral-MM",3,3,18.9999999999297
"R","pseudo_huber_dense_p1000","CG",1,1,1005.00000000011
"R","pseudo_huber_dense_p1000","CG",2,1,1051.99999999968
"R","pseudo_huber_dense_p1000","CG",3,1,1011.00000000042
"R","pseudo_huber_dense_p1000","CRLS",1,1,981.000000000677
"R","pseudo_huber_dense_p1000","CRLS",2,1,901.999999999134
"R","pseudo_huber_dense_p1000","CRLS",3,1,903.000000000247
"R","pseudo_huber_dense_p1000","LSMR",1,1,922.00000000048
"R","pseudo_huber_dense_p1000","LSMR",2,1,916.999999999462
"R","pseudo_huber_dense_p1000","LSMR",3,1,904.999999999745
"R","pseudo_huber_dense_p1000","CGLS",1,1,1010.99999999951
"R","pseudo_huber_dense_p1000","CGLS",2,1,1176.99999999968
"R","pseudo_huber_dense_p1000","CGLS",3,1,965.000000000146
"R","pseudo_huber_dense_p1000","LSQR",1,1,911.999999999352
"R","pseudo_huber_dense_p1000","LSQR",2,1,944.000000000415
"R","pseudo_huber_dense_p1000","LSQR",3,1,934.000000000196
"R","pseudo_huber_dense_p1000","Spectral-MM",1,1,420.000000000073
"R","pseudo_huber_dense_p1000","Spectral-MM",2,1,329.999999999927
"R","pseudo_huber_dense_p1000","Spectral-MM",3,1,320.999999999913
"R","pseudo_huber_sparse_p1000","CG",1,1,53.9999999991778
"R","pseudo_huber_sparse_p1000","CG",2,1,55.000000000291
"R","pseudo_huber_sparse_p1000","CG",3,1,52.9999999998836
"R","pseudo_huber_sparse_p1000","CRLS",1,1,51.0000000003856
"R","pseudo_huber_sparse_p1000","CRLS",2,1,52.9999999998836
"R","pseudo_huber_sparse_p1000","CRLS",3,1,52.9999999998836
"R","pseudo_huber_sparse_p1000","LSMR",1,1,56.999999999789
"R","pseudo_huber_sparse_p1000","LSMR",2,1,56.999999999789
"R","pseudo_huber_sparse_p1000","LSMR",3,1,54.0000000000873
"R","pseudo_huber_sparse_p1000","CGLS",1,1,55.9999999995853
"R","pseudo_huber_sparse_p1000","CGLS",2,1,54.0000000000873
"R","pseudo_huber_sparse_p1000","CGLS",3,1,56.0000000004948
"R","pseudo_huber_sparse_p1000","LSQR",1,1,57.9999999999927
"R","pseudo_huber_sparse_p1000","LSQR",2,1,55.9999999995853
"R","pseudo_huber_sparse_p1000","LSQR",3,1,66.000000000713
"R","pseudo_huber_sparse_p1000","Spectral-MM",1,2,34.4999999997526
"R","pseudo_huber_sparse_p1000","Spectral-MM",2,2,34.4999999997526
"R","pseudo_huber_sparse_p1000","Spectral-MM",3,2,37.0000000002619
"R","student_t_dense_p1000","CG",1,1,1822.99999999941
"R","student_t_dense_p1000","CG",2,1,1908.00000000036
"R","student_t_dense_p1000","CG",3,1,1863.00000000028
"R","student_t_dense_p1000","CRLS",1,1,1707.00000000033
"R","student_t_dense_p1000","CRLS",2,1,1801.99999999968
"R","student_t_dense_p1000","CRLS",3,1,1742.00000000019
"R","student_t_dense_p1000","LSMR",1,1,1850.00000000036
"R","student_t_dense_p1000","LSMR",2,1,1798.00000000068
"R","student_t_dense_p1000","LSMR",3,1,1842.99999999985
"R","student_t_dense_p1000","CGLS",1,1,1900.99999999984
"R","student_t_dense_p1000","CGLS",2,1,1791.99999999946
"R","student_t_dense_p1000","CGLS",3,1,1905.99999999995
"R","student_t_dense_p1000","LSQR",1,1,1845.00000000025
"R","student_t_dense_p1000","LSQR",2,1,1843.00000000076
"R","student_t_dense_p1000","LSQR",3,1,1920.00000000007
"R","student_t_dense_p1000","Spectral-MM",1,1,360.000000000582
"R","student_t_dense_p1000","Spectral-MM",2,1,450.000000000728
"R","student_t_dense_p1000","Spectral-MM",3,1,350.999999999658
"R","student_t_sparse_p1000","CG",1,1,94.0000000000509
"R","student_t_sparse_p1000","CG",2,1,111.000000000786
"R","student_t_sparse_p1000","CG",3,1,106.000000000677
"R","student_t_sparse_p1000","CRLS",1,1,102.000000000771
"R","student_t_sparse_p1000","CRLS",2,1,103.000000000065
"R","student_t_sparse_p1000","CRLS",3,1,94.0000000000509
"R","student_t_sparse_p1000","LSMR",1,1,97.9999999999563
"R","student_t_sparse_p1000","LSMR",2,1,121.000000000095
"R","student_t_sparse_p1000","LSMR",3,1,106.999999999971
"R","student_t_sparse_p1000","CGLS",1,1,105.999999999767
"R","student_t_sparse_p1000","CGLS",2,1,108.000000000175
"R","student_t_sparse_p1000","CGLS",3,1,106.999999999971
"R","student_t_sparse_p1000","LSQR",1,1,96.9999999997526
"R","student_t_sparse_p1000","LSQR",2,1,115.999999999985
"R","student_t_sparse_p1000","LSQR",3,1,103.000000000065
"R","student_t_sparse_p1000","Spectral-MM",1,2,49.9999999997272
"R","student_t_sparse_p1000","Spectral-MM",2,2,42.5000000000182
"R","student_t_sparse_p1000","Spectral-MM",3,2,52.9999999998836
