x1,x2,x3,gaussian,bernoulli,probit,poisson,gamma,negative_binomial,gaussian_log,gamma_inverse,tweedie,binomial,smooth_quantile,expectile,pseudo_huber,student_t
0.31830169570594569,-0.61276495935553488,0.11643761628650177,-0.65770546674962294,1,1,1,1.1820030944226019,0,1.335020061457846,0.40166337058956059,5.6169285465908239,2,0.87295832645504678,0.51253452422049184,1.0503992098837394,0.3874224020724909
-0.4506661185301406,-0.29318994436791523,0.1389916502316591,0.95108230793409754,1,0,1,0.706512881914239,1,1.3466889364490835,0.25427425113554386,0.71578644004967817,2,0.69471743387369389,-0.18572738885013945,0.072815780164604868,1.2657936380079802
0.40270688996993592,0.69327337585191995,-0.40110440513352125,0.72969303878354497,1,1,0,1.2977552197486473,1,0.72416141479475837,0.31215306238612878,1.4003581625322261,4,0.46615834828829611,1.3852997555017914,0.42940466551190598,0.59185747275990885
0.40474138258797521,-0.008467169480583004,-0.56373515521831052,-0.74355307643739144,0,0,0,0.57601843512663287,3,1.0763079925255457,0.4213389400697532,1.0941434443238516,1,1.2145687983260571,1.2516935869331234,0.57459103204352457,0.84334946457787574
0.17203881151095399,-0.27301267511472632,0.1891582220913289,0.44657556035558166,1,1,0,1.4717980826858608,0,1.3267452989866093,0.33245924355098161,1.7423645667709631,1,0.83405758553512133,0.31920671214904961,-0.27802309594226493,1.847103050552013
-0.21049801810421992,0.37147711885585105,-0.39908469106369654,0.43790826336535715,0,1,1,0.64487372991729275,0,0.90953132630364752,0.31559307297772238,1.442431237142072,1,-0.15511611155213573,0.33679979041056007,0.55639475598169685,-1.4563094382331978
-0.023019790668288884,-0.22949264140134548,0.119933681159372,0.74596034113229237,1,0,0,1.8332249932456337,0,1.4498966563546041,0.63413261518098019,0.88786480707848048,3,0.28733233801417779,0.86259516185826413,0.93801670293196793,-0.0058496533234788095
-0.4520274072086885,-0.10892242944051338,0.29590910267664644,0.34597610429849501,0,1,1,1.3335510584160517,4,0.92949603689479365,0.17140600956787949,0.64838405867521498,3,0.90253443934115385,0.99890398328302243,0.36785347536292023,0.29018091320101125
0.75418110931772786,0.29702950855999355,0.73251979197366091,1.3921577902486357,1,1,2,0.95648597583998562,2,1.4558263196219909,0.50268456627907565,4.1515956469800575,2,1.296718151096367,0.88343231445764225,0.68421364240299798,0.30768119004919869
0.071043404841767938,0.20616569528135589,0.9561417984745556,0.2981012727271134,0,1,2,1.8661731141188029,1,1.3381903439235265,0.53203454803745875,3.1188958851906667,3,0.46986584362300898,0.11326124437170998,0.15152023683474466,-0.0084108131140479547
0.65336523633882893,-0.42986918852560985,0.46255774424246487,-0.51488764200793469,1,1,2,2.69755903356379,1,1.6677911088918176,0.44920810028747388,4.4400301447410939,3,0.92755561868423819,0.83528868326372208,-0.94738639668850189,1.0015969690648392
0.53728180590844121,-0.62796172857819543,0.15510899093276714,0.48684533875852287,1,1,4,2.5666924821927619,0,2.006204816077751,0.50898207905228154,1.082837873889118,2,1.590307603394719,0.94453745873196204,1.4717103514780758,0.020512145404864013
0.62169665254983209,0.12595687578366349,-0.10882961158807601,0.79085887979679592,0,1,2,1.0961704668954353,1,1.2428236856346346,0.59807825386939995,3.3138279237855013,3,0.15004665352164498,-0.013762247657000237,-0.40064612783371245,-0.083723981263567782
-0.78772998903513147,0.34109046769111334,-0.9529873047334112,-0.15418417937327072,0,1,2,1.5926308282790516,2,0.58933369757458054,0.39804404262939413,0,1,-0.32063169940458269,-0.54292238852153685,-1.2516884198178198,0.031119381316842387
0.61531865512341244,0.27449063628345699,-1.4783208123386016,0.17360451152157969,1,0,3,1.0755942269812329,1,0.8334538629883379,0.51504268561277,1.8501124153942672,2,0.50467480155023314,1.0047254145015538,0.01598055536754011,1.2883859132601754
-0.45876294250013172,0.56247662483082483,0.25446485964456356,0.11737082953034275,1,1,0,1.4618919928980101,0,1.0401323193338337,1.1488302198579587,0,3,0.12982860560642251,0.46363656002054082,-0.1313682689322837,0.12938078605090364
-0.74849094721465592,-0.28918917494063312,0.32688883985614975,-0.91854581812661795,1,0,1,1.0823310194840268,0,0.81199359948634786,0.5571743881926039,0.91419939829998276,1,0.10416165742015804,0.52626521281211402,0.36630602418511299,1.0384768697508329
-0.95246361056785267,-0.72467243459177944,0.17992060726727507,0.53691751740444515,0,1,1,0.74937047829444903,1,0.7916916927272506,0.2543067608483634,0,2,0.46575092731208717,0.39403689868644592,0.19705181902455465,0.11026243092665092
-0.16364222839236056,-0.63872797491353273,0.04219837285195125,0.53590635112421792,0,0,1,3.2435501461604437,5,1.8724040089314129,0.22231691896111055,3.0721571371336029,1,0.57717118473381546,0.42847562730619404,-0.19416852501592091,0.4124126688867859
0.056334795037462387,0.27305369419233577,0.53714691281470706,0.49106150526292136,0,1,4,1.7130439130002655,0,1.3375229176836207,0.68085316835689746,0.63980411540069171,1,0.83246763391804512,1.4443876199487979,1.1871574357510013,0.38700687739619244
-0.88720811285395906,-0.69719600947246751,0.35672216199009876,-0.58753411550071544,0,1,1,1.2856334230008513,1,1.5913531368210367,0.17540222659345747,0.55250951933337955,1,1.1939199463747396,0.65232986303653251,0.060543868501344841,-0.23751958125067874
-0.088269258414044732,0.06612407892499253,0.1779157006118641,0.20949703720835952,1,0,1,1.8696352768934921,0,1.1620700425378589,0.29646166168532334,0.79106713908864579,2,0.12361964617770171,0.1944883144132285,0.07091296138645041,0.8334003767637268
0.11109502724968498,-0.10762048591408971,-0.079597500342301175,0.20303631233976693,0,1,1,0.36954767590382498,2,1.6333260797852347,0.44931238691038339,1.523921162980896,2,-0.011036474190920187,0.16158248038704104,1.8085819593044725,-0.64218605028962406
0.59760828855776937,0.33509619003587682,0.77131161876438703,-0.54800718366116541,0,1,0,1.3058915248550309,1,1.8264979827788657,0.55332564782125726,0.69697810257274395,2,0.68270890393150019,1.6288963320429968,-0.2188906126053981,0.98004193789272431
0.046563526799201234,0.055400449907869,0.48373158425961987,1.1402059752901268,1,0,0,1.3637520118170254,2,1.2073232801726195,0.70478946924977426,1.6553996921161238,4,0.1282388182319642,1.2727288025073249,-0.29328117172453416,0.27467945701609797
0.61890652446952599,-0.22246841268121167,0.64190948682342464,0.97530812814188228,1,1,1,1.1761541243426148,1,1.7622391233823853,0.51717991389275175,0.29648953004336182,1,1.807474165728147,0.039272937837635302,1.2439692280572019,0.70285033757388149
-0.11611355565560334,-1.123119428695452,-1.4459469134362899,-0.27936930732435383,0,0,0,2.1797035485941403,3,1.0820787271088339,0.23989420907944614,1.7483157991224016,2,1.4564451594126999,1.1720494917595805,-0.14937580537185419,0.68897298377961558
0.20364272226950422,-0.12986784424040379,-0.8139809539672056,-0.086997309275707868,1,1,0,1.1050519169045567,0,0.8256104573780243,0.51012223466969797,0.25441517892025406,2,1.0008685650090141,1.112317779155245,0.35480662931661933,0.31743255897909184
0.16021164130847484,-0.31714756125963373,-0.159599481089926,1.1316599257475468,1,0,1,1.0383194933421229,0,1.4916010249614546,0.40324238662214129,0,1,1.0207388859987159,0.51006221232320181,2.1456276324783259,-0.18691416725282467
-0.83323573380729299,-0.66974705108220001,-0.51205991129519735,0.24987886178087018,0,0,2,1.0968728916494672,0,0.62672134307766791,0.61952902386095876,2.6871465774190502,1,0.91925355107445639,0.45083667157703888,0.40172388942759951,-0.49332202825252092
-0.56794107539528671,-0.33603258725896862,-1.0358942207397741,-0.80967074980841702,0,1,0,0.88774585406322126,0,1.1717529020509738,0.25964601224787565,1.8387568227719264,1,-0.48834214806795484,0.47490433720286612,0.30182361566311611,-0.087262887125686389
0.39317936855964758,0.67144112531557365,0.34348806570725426,0.32319067457552919,0,0,2,1.4902381073466937,2,1.1686842642003465,1.0256787646273697,2.5783391750974194,2,0.55556653191144978,0.23691093916024958,0.92046610961700759,0.070283410322915463
0.4185924236486851,-0.53588675245459594,-1.1520502423012877,0.067662884133957657,1,1,1,1.0493153430475788,0,1.1160887989230868,0.37269926482104154,0.70749537882150104,2,0.0031593273037812675,0.54448199961660071,0.38753170269013998,0.67110948148150573
0.17645259188570214,0.83002295401904924,0.17773871606829314,0.5129274257691484,1,1,0,2.5627687112480482,1,0.74298014431158155,0.36419815606493067,1.2160276673286188,2,0.18693548844075109,-0.70863872925148608,0.36200612988162695,-2.1850137655224557
1.4351894508268062,0.53153996430201833,0.26403822456612447,-0.099840955902401052,0,1,2,3.0505228102384723,3,1.8238075853520332,0.33207500124626599,1.5719207914879636,4,1.0071742639475187,0.6072428627169022,1.5029307387172901,0.60162475163116624
-0.098118877795942513,-0.40585282798082861,-0.85308692587941914,0.30045721282464088,1,1,1,0.74434628869363129,3,1.4160691333207234,0.99229525588408651,0,4,0.67886921089314034,-0.35876439804547466,0.30628963919714447,-0.22752093829696579
0.36554854102885947,-0.36336426723707527,0.33223911781162013,0.77271101891155336,0,0,2,0.750246074345845,0,1.5005009422735789,0.70681722022493798,3.087549567580711,3,1.0890331321383351,1.571344364075288,0.72410630469988935,0.62399941129762715
0.34440784005718,0.32343107829740714,-0.21901342740879326,0.53085214650804158,1,0,1,0.7804555879582632,0,1.2654729292769376,0.52610694456148899,0,3,1.1588000128788742,0.62522892503858518,0.37596711248937065,-0.03541440399997367
0.65335077338050573,0.4759805373101853,0.010437770910826523,0.056544341928221109,1,1,0,1.747610875326236,0,1.5449906245522587,0.45229385288579033,2.4740189367581911,2,0.08065925316311845,-0.27416716578075839,0.046217900776234611,-0.059456432358800215
0.27662387406770761,-0.20057651397879542,0.2252817792210933,0.72226295484795822,1,1,3,0.8350414526061567,5,1.3485962965994556,0.27348145000580493,0.24264902076054648,1,1.0446337938573262,-0.14415339636587743,1.1270368540442028,1.3915836510680881
0.37415625140533582,0.2321576212110289,0.039322091055187837,0.48492515892338117,0,0,1,1.2859647121386772,4,1.5192744814551138,0.32309374612022634,1.1796722618389592,0,0.59211376542530592,0.71468831001560096,-0.42469033823669711,-0.52675939002128158
-0.12312818261914599,1.2256154856796524,0.042995117603291937,-0.60729797051422363,1,0,1,0.66792344431979855,0,0.96324543767151094,0.60347372119360065,0.30446075323382055,2,0.55840724012692955,0.11961865475030042,1.1788301019680349,-0.2365859754661056
0.62308662437392792,-0.22837179767321517,0.036850157431295827,-0.11419323712061769,0,1,1,2.0821404324411872,0,1.676311909442739,0.76079777066901377,2.6573177092226752,4,0.74637479676205121,1.069451432399561,-0.56618820817992255,-0.77083826020300172
-0.097751816649153889,-1.3969554500953449,0.34458680733376518,0.41298691921270636,0,0,0,0.98682291728294003,1,1.5684114718063216,0.37103264464408758,1.182108067288576,2,0.79128082187969551,0.44019052151873567,0.016454220513055673,1.0125520898074021
0.7854147225750665,-0.67653864449312895,-0.13048691101711132,0.86179577802629082,1,0,2,1.8149991654222519,2,1.8579633331965346,0.67363256258790538,1.6805747350024673,4,1.5188232792077454,1.0752332714173378,0.44818727049936513,0.1429527470308336
0.48689765061030454,0.22291179179079151,0.31178051681522312,0.72649676861657975,0,1,6,1.1997126527884583,0,1.5225309319352318,0.25932387777530241,0.40060207274904081,2,1.3457154448494681,0.56774828517646903,0.84856276917607953,-0.16017286636901507
-0.1050155474429494,0.25016537067578998,-0.44467843020287851,-0.38733043303169779,1,1,1,0.83439520953588686,1,0.95161431126388252,0.68176379239871343,2.2409427125055434,2,0.11952041922610454,0.21644441664139788,1.2803829067425645,-0.86358749078757402
0.20580140262061006,-0.056766127131619624,-1.2432303430555183,0.086196999366111998,0,1,1,0.40148115410725277,1,0.98480317192885225,0.3937990961496794,0.9927728285713181,2,0.4916488150498215,0.019137044474577647,-0.072381162334584304,-0.83203478951461218
0.12661491949305848,-0.22738625269785687,-0.46247519785433805,0.51911144919052543,0,0,0,1.3106610455867143,1,1.4698797390328566,0.40859973865045079,3.5114097090570437,3,1.1465542698338527,-0.044378861791852853,0.16281210186505765,0.22273516965863199
-0.46634848204445245,-0.57188090216583942,-0.1665908628446022,-0.26964243942296817,1,1,1,0.4781685805050474,0,0.95699983441166192,0.72590978711368837,1.4556387677332754,3,0.44347163125955652,0.010083938584760532,0.65148712541532638,-0.35229816174997264
-0.34662196860915434,0.15239164169388555,0.67842821635159856,0.27500509029825265,0,1,1,1.072153100182242,3,1.02515175364019,0.4629928481866154,0.73515022123030571,1,0.2449331716175206,0.95618249677036815,1.0617119878747499,0.46392203171235125
-0.29558955035380807,0.2971245032990748,-0.53113588394848055,-0.66022062759449429,0,1,0,1.202241083254715,0,0.65837854447313893,0.3719992431492487,0,2,-0.44137619971514092,0.14074355071843642,0.0051935048496816738,0.13656525959790555
0.1952067110933236,0.22330095814543852,-0.097189428038362183,-0.051231091163622872,0,0,1,0.60657787122172901,0,1.1777035128733155,0.13815401132549399,3.0187893252072975,2,1.1495978596732599,-0.043641703068228122,-0.34016430345173715,0.24225990881433546
-0.6582502780827898,0.44957557591289965,0.47878510618585168,-0.3240676125622442,1,0,2,0.53662140082809717,1,0.63431897548945515,0.61792797259056198,0.82834450301583129,2,0.87687830837873215,-0.44772999411125985,-0.38048265932677333,-0.69744552313736097
0.71954994292928764,0.52045701806188882,-0.79251752196632641,0.18354158697317668,0,1,0,0.70494107952615936,0,1.2443457866175027,0.92365030827241135,1.9454442045598253,2,0.83075807655317291,0.61640450528847879,-0.032568987403326366,-0.069311449922688895
-0.25785683203446058,-0.44729391404284258,-0.084767284904634033,-0.61355143448247695,0,1,2,1.2199434121586108,0,1.74913382778412,0.84499992889517817,1.4693881423564574,3,-0.09378356081982378,1.0686535727873894,-0.88916080890068105,0.60184404350649234
0.21710502137027177,-0.071043815956716536,0.0383421564102586,-0.36884154280641923,1,0,0,0.81614889432452742,0,1.3315965299511929,0.40127531488231616,0.8249818686504975,3,0.64950786966465146,-0.49156902224524524,0.4292331537458558,-0.065696616258005269
0.072726391058952136,-0.2023237809498952,-0.45585534843156023,0.91930709394615007,1,0,1,1.1995196243197173,1,0.79289732092959986,0.64501079412973805,0.53632745068570919,3,0.43674653931254442,0.76168391282287762,0.63271111900311361,0.58374066281278369
0.38916284604114842,-0.12809021501536208,-0.35530365687303184,0.66188263657241375,0,1,1,1.7455233141385964,4,1.417786705206554,0.30379120831979201,0.17642595484784265,2,-0.055064303103889156,1.0273772614130676,0.82045887030660247,0.47683508823665588
-0.30884720252091419,0.3331095547889818,-0.96993178901436028,-0.77180479891307607,1,1,1,0.94927657925663433,0,0.65425904885523323,0.69599687807466804,0,2,-0.15158456329462267,0.03309425897510393,0.36395998051321116,-0.13054999211925652
0.0048875013616232728,-0.26263058481257073,-1.5674157262332167,-0.022447160781282983,0,0,1,1.0404037402822306,0,0.98949882175270021,0.47926705591792573,0.19999025203802534,2,0.017933343801983692,0.0017895187141587221,0.46959038626155608,-1.7109024250244769
-0.091932805541448212,-0.098866082237710623,-0.5063423952692383,-0.57335806632093311,0,1,0,1.0301808742982876,4,1.1785541839438416,0.3412215527353325,2.272320980042029,1,1.4044243113115071,0.47582016922055859,-0.44580795147203267,1.5494825910154366
-0.15369988491864769,-0.40406246648873451,-0.030566639736479148,-0.49310467296356075,0,1,3,1.0110449365943615,1,0.99275070993755421,0.71883497018039766,0,2,0.30414201946286001,-0.040459452009609598,-0.5704055181161628,0.72999574438785264
0.31381528631141437,-0.52826827086667694,-0.28990408329451678,0.43691024255896344,0,1,4,2.211704128044651,4,1.5823160245539052,0.3357581714354223,1.6848219320928062,3,-0.16540742352613219,1.0538425675206844,-0.092191603215408591,1.04914536420904
0.46781077243596608,-0.54476438946101124,-0.72549332160900892,-0.30715173882458313,0,0,1,2.0111527809867038,3,2.0117172366820792,0.20193209308566901,0.28089631541561055,2,1.3639417240032543,0.51870594752775023,1.1650162194058264,-0.40268382511964074
-0.47405510564831815,0.19953523763143485,-0.17473276642079999,-0.32688947081806047,1,0,1,2.1426650075471509,1,0.82160734416316683,1.2413989253537847,0.030843288900874146,1,-0.083601502104538261,-0.17352939259082395,-0.28906419690290502,-0.53155043332224983
-0.70343708991154619,0.50461997685667348,0.063710971296441474,0.2239321895747709,1,1,3,0.78369994774194784,0,0.82713459409563972,0.64150776287195466,0.44262056637099528,3,1.7151085360872207,0.41932251982992075,1.9193324393685587,-0.095876994114195063
-0.27472693606795107,-0.044127473769474811,0.44202892898440249,-0.37634820977483896,0,1,1,1.6097146154346806,0,1.341596478873065,0.50538525451473848,0.6669340102086625,3,0.55507388099814703,0.047558746571558091,-0.39505376888545241,-0.64394024350758194
0.27382409828967558,-0.7824012790526732,0.049717232637800424,0.59362937886657074,1,1,2,1.9839581272269085,1,1.6699654525011602,0.55867927182463928,0.1941678466268808,3,0.58462231651371765,1.2704030492785499,2.1425337505850024,0.37299947127077426
-0.39235570163477629,-0.08006991285616305,-0.29055865267567443,0.72980419068775471,0,0,2,0.86225734273745402,2,1.1690033518732685,0.26254697838987423,1.8285565825202466,2,0.28972743282382596,-0.1868769574914608,0.025032373603089013,1.21905147197311
0.3406051610732353,-0.028670732474424546,0.062531839218337618,0.39047952730254271,1,1,1,2.1540880994154277,3,1.1714962627719208,0.62560897181727526,2.0448863604134599,2,1.1100195278860296,0.49938887626251294,0.82291964224723135,0.86818880491267447
-0.29163705795426303,0.63095418800468639,0.36480975925865511,-0.031278670317729268,1,0,2,1.0686232009575782,0,0.84293251958175586,1.1117349928184208,0.56092710760602271,0,-0.18800880388373958,0.49436621492949889,-0.34635214111891077,0.029728855643796612
-0.51316561538229344,-0.41899334808958366,0.44693293673986495,0.7336159661904702,0,1,0,1.3314223334348831,5,1.2848962090904639,0.58103017644971988,3.5168550211793597,2,0.64731383317499636,0.25640206082084738,1.2004623355627526,-0.17789575725406789
0.34157284776607666,-0.10634674702413366,-0.43824734058654718,0.0070997794232761646,0,1,1,1.296465107386801,0,1.35692351091658,0.31403445240683892,0,4,0.89623055551885455,0.5207984996166124,-0.05111195095334764,0.19236836864881851
0.13693122964187926,0.24144900774394093,-0.43868864373224503,1.4191601367727371,1,0,2,1.6580183101362203,2,1.0315671262657293,0.43748166868352495,1.5053424718687609,1,0.21155193553197577,0.063301155783495919,0.36245746287816011,0.51106641048838275
-0.29848037971620717,-0.0017524102537608845,-0.056183736147110426,0.84579069638301296,0,1,1,0.30812296281337043,2,1.5600003909021207,0.36196696484468704,0,2,0.030297359454919875,0.31899297166373886,0.027890266484747822,-0.88199533607148983
-0.61045504258028427,-0.2068248949398071,-0.2987013249724616,-0.42011421473613719,0,0,0,1.7659065167424568,1,1.1522134070957779,1.3422451429582694,4.1950582832765004,3,-0.50723794965620228,-0.52766620926598007,0.52416389794663198,-0.23645406898800303
-0.76353620876314265,0.40796174496104598,0.57081522112508976,-0.43094629511346871,0,0,2,0.29333030206540789,2,0.79198228887728872,0.83144237429651557,0.61230776260658137,3,-0.8079138422028409,0.71951702548880458,0.73310222679160231,0.018540692225478161
-0.20074708818188605,-0.81468762583808818,-0.37366633747767491,0.36897202038948163,1,1,3,1.6087311962278099,0,0.68895937134676577,0.16692276407903178,0.17510912032669995,0,0.22334535954817597,1.2448366927557435,-0.28566671233808738,1.3830715116730419
-0.7922667616009077,-0.56548999935044142,0.53315099698675195,0.64602560425455757,0,1,0,1.5552422268707198,2,1.573725334251362,0.45426278745182086,1.3857329248245636,3,0.91051676959416961,-0.36895599739146351,-0.58839147785299328,0.98936290228628598
0.3260933793578325,0.28265395572148327,0.45369211317663327,0.11392304460086636,1,1,2,0.81064156022241596,0,1.8731032145578563,0.68201853931816936,0.45011358955741315,4,0.87434903154878207,0.010443040987568375,0.40738235009326362,0.62374023130743472
-0.16718921705654571,0.33084516861884183,-0.55348278003877083,0.41521398242585311,1,1,1,0.99677009179226017,0,0.79139143562946668,1.4689921908170784,1.3374715799331633,2,-0.22086753277329768,0.63806184891930184,-0.58944126896346027,0.39959717229759162
-0.18602023425266861,-0.028133063889799182,0.059294062297263743,0.43042281975098978,1,1,1,0.98600915393605604,1,1.4118761572301683,0.52763531189228863,0,3,0.70298630588543853,0.58738031205681474,-0.10419726895822412,-0.14389192965523173
0.22126303673426195,0.5215038683487796,-0.26023528257783674,0.33887470621147042,0,0,1,0.59621480349767353,0,1.4700271040193926,0.61258427684565409,2.5021131338028573,1,0.23340832088919197,0.35956427507631561,1.5403442589614349,-0.16248393753282975
0.52581514478143321,-0.52376224838439434,0.74870825417322728,0.71605786223130818,1,1,1,1.4897717656079474,1,2.0200659870225648,0.32570901103293431,0.63783414597552146,3,0.70300510834221019,1.0086659821842545,0.55320284383147778,1.3252052093183695
-0.70500668596092519,0.63522188199995677,-0.085865446433873394,-0.36076298644497684,0,0,0,0.5658387133383046,0,0.59374116509396213,0.6712477085005828,0.0034816713409298772,2,-0.23298149252914885,0.054721306890518129,-0.10366718215371634,-0.12434547618440206
0.21604284503581597,0.29315337704622152,-0.31766201484307055,-0.18072192804365111,0,1,2,1.2084440425563583,0,1.2293462632722769,0.30606543870995168,1.7626765183023156,3,0.60502612892705099,0.55612532002648329,0.10932836911652852,-0.39746251132544996
-0.46802847321915769,0.11414254634179713,-0.93322402359131762,-0.98869847786557963,0,0,1,0.40054471021805166,0,1.0898736468197971,0.62283599062745831,0.30323861899445148,2,-0.49713142212786821,0.44966738696357905,-0.42537565927774357,0.14226505978324799
-0.35850342459680473,0.031878587408039852,-0.084188692223623934,0.44718950770977928,0,0,0,2.0438364438451324,3,0.62870505350781003,0.53915523035111779,1.2988695236052459,3,-0.25057365787594421,-0.094623236729149213,0.29905435262787083,-0.049635863738730995
-0.27664039237420185,-0.83591131612005498,0.71033709930936584,0.091351182295835776,1,1,2,1.3759730226089715,0,1.8822381047167602,0.16414910504408606,0,2,1.5594928334046922,0.41646399899370024,-0.8934493030812507,0.34150137717401852
0.63285793434705606,-1.147407541279257,-0.46090731997336559,0.52845664958635274,1,1,0,2.6740529950441414,4,1.946817319763088,0.54161786533308443,3.5584416990029215,4,0.38223222790236461,1.0936521355508271,1.8300115767333092,0.80723727003235324
-0.24104682274165987,-0.36592845083249526,0.3125129612622361,0.26800737966803245,1,1,3,0.74939265121203968,0,1.6016395164041355,0.32409348659510862,2.7044039056267897,3,0.51971871007095949,0.73512576688573883,0.35676504435165812,-0.16409386061892595
0.30521398032219166,0.13342458967879797,-0.8823017659030773,-0.42715527992786789,0,0,2,0.75768908764928578,2,1.1943680948222577,1.0921222268097386,0.787895579709609,2,-0.080969355305451116,-0.47263585802417768,1.815079499847017,1.134098751036724
0.077626793737297084,-0.13621409436357138,-0.28779475487761469,-0.73310886523206276,1,1,3,0.91152747125203415,1,0.99432033770496053,0.62285940223808767,1.1025068476913571,3,-0.38394816546006816,0.77199899911294667,0.78657945872477264,0.1674286133667888
0.17094898211297621,0.64094585266838344,-0.077329594924448936,-0.34899283613228138,1,1,3,0.56806722291852318,0,1.5131058488795479,0.22474236497525224,0,1,0.69719757177872366,0.17972141907238909,-0.17101525815557961,0.84262653528412479
-0.10011825461473706,0.35150264224366462,-0.37902289361753089,-0.40842993428063989,0,0,1,0.52305681508136537,1,0.69122283719107247,1.4216520310623444,0.19763896266925321,1,0.69073323134982978,0.69750789970950944,-0.055218121866026849,-0.36959140321975592
0.25516778942056173,-0.023301914225552785,-0.45320511446041906,0.65059637407099757,0,1,1,0.8433433203519396,0,1.518195558870379,0.29232916541271753,0.71036728478083211,4,1.467566550540391,0.16801633239326577,0.3908973192211263,2.0696826698085591e-05
0.2279445140558512,-0.043495259843495546,0.39126607641168937,0.19011325452927674,1,1,2,1.5203772067026777,3,1.3892355777387249,0.5606766106673805,1.0215971459993314,3,0.49174149518897148,-0.10689107768069794,0.96977296770598542,0.92240099727528868
0.17440436513398555,0.22792516979042399,-0.17451889155011674,0.0023359184236916575,0,1,1,1.7921026419416111,3,1.5331135729722152,0.13055897341060099,0.29906165783045374,1,-0.32028379508164384,0.65954243276914926,0.06555506654868197,0.51821569912148469
-0.68514596427643637,-0.051648718040028192,0.14235567380366401,0.99854117453070423,0,0,2,0.87217806957042621,1,0.40539447900998804,0.77636447358803307,0.41905666792808333,2,0.082317262956963261,0.074895917294444489,0.096833743848266485,0.30895909034603813
